,documents,documents_processed,document_tokens,first_100_letters,documents_processed_2,url
0,,,,"python tokens, Keywords, Identifiers, Literals, Punctuations, Operators ",,
1,,,,Python keywords,,https://upload.wikimedia.org/wikipedia/commons/thumb/1/1f/Constituent_structure_analysis_English_sentence.svg/330px-Constituent_structure_analysis_English_sentence.svg.png
2,,,,"python data types (Numeric, Boolean, String, Datetime)",,
3,,,,Arithmatic Operation,,
4,,,,floor function,,
5,,,,ceiling function,,
6,,,,Understanding Variable,,https://upload.wikimedia.org/wikipedia/commons/thumb/b/b4/Pointers.svg/1200px-Pointers.svg.png
7,,,,commenting multiple lines in colab,,
8,,,,Perfect number,,https://upload.wikimedia.org/wikipedia/commons/6/66/Perfect_number_Cuisenaire_rods_6.png
9,,,,To show a float upto two decimal places,,
10,,,,To get the absolute value,,
11,,,,The del keyword in python is primarily used to delete objects in Python,,
12,,,,order of precedence in python,,
13,,,,An application or app or software or model is nothing but a soft machine (a machinery products).,,https://upload.wikimedia.org/wikipedia/commons/thumb/3/3b/Function_machine2.svg/220px-Function_machine2.svg.png
14,,,,Four basic answers of any question,,
15,,,,"
logical resoning",,
16,,,,pprint module,,
17,,,,Understanding String,,
18,,,,to print a new line,,
19,,,,for color print,,
20,,,,Grabbing the element by index ,,
21,,,,Basics of String Slicing,,
22,,,,concatenate strings,,
23,,,,String functions,,
24,,,,String methods ,,
25,,,,way to embed expressions inside string literals,,
26,,,,String duplication,,
27,,,,Taking user's input,,
28,,,,String matching,,
29,,,,Understanding List,,
30,,,,List functions,,
31,,,,List methods,,
32,,,,Nested List,,
33,,,,Range function to get a sequence list of numbers. ,,
34,,,,Main Subjects of Data Science Stream,,
35,,,,Main Modules of Coding,,
36,,,,Main Modules of Data Structures,,
37,,,,Main Modules of Mathematics,,
38,,,,Main Modules of Artificial Intelligence,,
39,,,,Main Modules of Business Intelligence,,
40,,,,Main Modules of Computer Engineering,,
41,,,,Main Topics of Python,,
42,,,,Main Topics of Analytics Framework,,
43,,,,Main Topics of Mathematics,,
44,,,,Main Topics of Machine Learning,,
45,,,,Main Topics of Deep Learning,,
46,,,,Main Topics of Industry Insights,,
47,,,,Main Topics of Data Engineering,,
48,,,,"Subtopics of Integers, Floats and Booleans",,
49,,,,Understanding Tuples Basics,,
50,,,,Set basics,,
51,,,,Set methods,,
52,,,,Dictionary Basics,,
53,,,,Dictionary methods,,
54,,,,Dictionary operations,,
55,,,,Subtopics of Strings,,
56,,,,Subtopics of  Lists,,
57,,,,"Subtopics of Tuples, Sets and Dictionaries",,
58,,,,"Subtopics of Statements, Indentation and Conditionals",,
59,,,,Subtopics of Loops and Iterations,,
60,,,,Subtopics of List comprehension,,
61,,,,Subtopics of Functions and Methods,,
62,,,,Subtopics of Production Grade Programming,,
63,,,,Subtopics of Competitive Coding,,
64,,,,"Assignment statement, conditional statement",,
65,,,,Understanding Expression,,
66,,,,Multi-line statements ,,
67,,,,Understanding Comments,,
68,,,,Auto indentation,,
69,,,,"""truthy"" and ""falsy""",,
70,,,,Subtopics of Numpy,,
71,,,,Subtopics of Pandas,,
72,,,,Subtopics of Data Wrangling,,
73,,,,Subtopics of Data Visualization,,
74,,,,Subtopics of Excel,,
75,,,,Subtopics of Tableau,,
76,,,,Subtopics of Business KPI,,
77,,,,Subtopics of SQL,,
78,,,,Subtopics of Calculus,,
79,,,,Subtopics of Vector Algebra,,
80,,,,Subtopics of Matrix Algebra,,
81,,,,Subtopics of Probability Theory,,
82,,,,Understanding Loops,,
83,,,,Understanding the main loops of python,,
84,,,,Iterate means utter repeatedly.,,
85,,,,Enumerate function ,,
86,,,,"break, continue, and pass statements in our loops add additional functionality",,
87,,,,Calculating program execution time,,
88,,,,Subtopics of Summarizing Data,,
89,,,,Subtopics of Random Variables,,
90,,,,Subtopics of Discrete Distributions,,
91,,,,Subtopics of Continuous Distributions,,
92,,,,Subtopics of Joint Distributions,,
93,,,,Subtopics of Sampling & Statistical Inference,,
94,,,,Subtopics of Confidence Intervals,,
95,,,,Subtopics of Hypothesis Testing,,
96,,,,Subtopics of Linear Regression,,
97,,,,Subtopics of Bias variance tradeoff,,
98,,,,Subtopics of Regularized Linear Regression,,
99,,,,Understanding list comprehension ,,
100,,,,Set Comprehension,,
101,,,,Dictionary comprehension,,
102,,,,Function range and domain,,
103,,,,Subtopics of Cross validation and hyperparameter tuning,,
104,,,,Subtopics of Logistic regression,,
105,,,,Subtopics of Decision Trees,,
106,,,,Subtopics of Ensembles of decision trees,,
107,,,,Subtopics of Model Explainability,,
108,,,,Subtopics of k-nearest neighbors,,
109,,,,Subtopics of Naive Bayes Classifier,,
110,,,,Subtopics of Support Vector Machines,,
111,,,,Subtopics of General Modeling Techniques,,
112,,,,Subtopics of K-means clustering,,
113,,,,Subtopics of Hierarchical clustering,,
114,,,,Subtopics of Principal Component Analysis,,
115,,,,Subtopics of Anomaly Detection,,
116,,,,Subtopics of Natural Language Processing ,,
117,,,,Subtopics of Topic modeling,,
118,,,,Subtopics of Recommender Systems,,
119,,,,"Understanding Functions, Model and  Environment",,https://upload.wikimedia.org/wikipedia/commons/thumb/d/de/Nitrogen_Cycle.jpg/400px-Nitrogen_Cycle.jpg
120,,,,Defining a function,,
121,,,,Functions details,,
122,,,,Function and method,,
123,,,,Global variable,,
124,,,,Subtopics of Time Series Analysis,,
125,,,,Subtopics of Neural Networks,,
126,,,,Subtopics of Deep Neural Networks,,
127,,,,Subtopics of Improving Deep Neural Networks,,
128,,,,Subtopics of Structuring ML Projects,,
129,,,,Subtopics of Convolutional Neural Networks,,
130,,,,Subtopics of Recurrent Neural Network,,
131,,,,Subtopics of Guesstimate,,
132,,,,Subtopics of Case Study-ML in Heathcare,,
133,,,,Subtopics of Case Study-ML in Fraud risk analytics,,
134,,,,Subtopics of Case Study-ML in Credit Risk,,
135,,,,Subtopics of Case Study-ML in E-commerce,,
136,,,,Subtopics of Linux basics and terminal commands,,
137,,,,Subtopics of Python modules and project setup,,
138,,,,Understanding Production Grade Programming,,https://upload.wikimedia.org/wikipedia/commons/thumb/8/87/Operating_system_placement_%28software%29.svg/800px-Operating_system_placement_%28software%29.svg.png
139,,,,Object Oriented Programming ,,
140,,,,Understanding Attribute,,
141,,,,Defining a class,,
142,,,,Understanding Polymorphism,,
143,,,,Exception handling   ,,
144,,,,Single Underscore in the variable name,,
145,,,,"create, read, update and delete",,
146,,,,Double Leading and Trailing Underscore in the variable name,,
147,,,,Subtopics of Version control-Git,,
148,,,,Subtopics of API basics with flask,,
149,,,,Subtopics of FastAPI,,
150,,,,Subtopics of Docker,,
151,,,,Subtopics of Microservices and streamlit,,
152,,,,Subtopics of ML Lifecycle,,
153,,,,Understanding Competitive coding,,
154,,,,google colab notebook,,
155,,,,Code editor,,
156,,,,Compiler,,
157,,,,Interpreter ,,
158,,,,IDLE,,
159,,,,Anaconda and python,,https://upload.wikimedia.org/wikipedia/commons/thumb/7/74/Pratik_jain_dahod_python.JPG/1200px-Pratik_jain_dahod_python.JPG
160,,,,"
Arthur Samuel and Geoffrey Everest Hinton",,
161,,,,"Cloud computing or Cluster computing, Cloud Storage",,https://upload.wikimedia.org/wikipedia/commons/thumb/8/87/Cloud_computing_types.svg/395px-Cloud_computing_types.svg.png
162,,,,Types of computer languages,,
163,,,,Jupyter notebook,,
164,,,,"
Notebook documents",,
165,,,,collaboration site,,
166,,,,Understanding of language,,
167,,,,Subtopics of General Knowledge for a Data Scientist,,
168,,,,Subtopics of Cloud Computing,,
169,,,,Subtopics of MLOps-MLFlow,,
170,,,,Subtopics of PySpark,,
171,,,,Subtopics of Airflow,,
172,,,,Understanding Library,,
173,,,,Understanding Package,,
174,,,,Understanding Module,,
175,,,,Writing softmax function with numpy (used in deep learning),,
176,,,,Modular programming ,,https://upload.wikimedia.org/wikipedia/commons/thumb/3/3f/Flexible_Workplace_Variability.jpg/275px-Flexible_Workplace_Variability.jpg
177,,,,N-dimensional array,,
178,,,,Creating a two-dimensional array ,,
179,,,,attributes of numpy array,,
180,,,,Advantages of numpy array ,,
181,,,,Creating ndarray,,
182,,,,Defining Array size,,
183,,,,Normalizing rows (used in deep learning algorithm),,
184,,,,Conversion of list and tuple to ndarray,,
185,,,,Indexing and Slicing of ndarray,,
186,,,,"
Grabbing element by index of 2D array",,
187,,,,Array Manipulation,,
188,,,,Important functions in numpy,,
189,,,,Difference between view and copy in numpy,,
190,,,,Basic Operations & Functions in numpy,,
191,,,,Exponentiation of vectors (used in deep learning algorithm),,
192,,,,Basics of Pandas Dataframe,,
193,,,,Difference between list and numpy array,,
194,,,,Rows and columns of pandas dataframe,,
195,,,,Pandas series,,
196,,,,Convertion of numpy array to pandas dataframe,,
197,,,,For uploading any file from local computer to the colab session,,
198,,,,Methods and attributes of pandas DataFrame ,,
199,,,,Connecting google drive to colab notebook,,
200,,,,Converting a csv file to pandas DataFrame,,
201,,,,Creating an empty csv file on a specific folder,,
202,,,,Writing data in a csv file,,
203,,,,Appending new row to an exsisting csv file,,
204,,,,Editing a csv file,,
205,,,,Excel file with multiple worksheets,,
206,,,,Writing in a new excel file,,
207,,,,Editing in pandas df and then save them to csv/excel,,
208,,,,Slicing operation on Pandas DataFrame,,
209,,,,Slicing operation on a particular column  in Pandas DataFrame,,
210,,,,Conditional Slicing or Conditional Filtering in  Pandas DataFrame,,
211,,,,Adding new column in existing df,,
212,,,,Removing one or multiple columns,,
213,,,,Removing one or multiple rows,,
214,,,,Setting a column as row index,,
215,,,,Methods for particular column,,
216,,,,Sort values in  Pandas DataFrame,,
217,,,,Datetime operations,,
218,,,,Creating a new column with lambda function (applied on pandas series),,
219,,,,Pandas data display options,,
220,,,,Difference among and & |,,
221,,,,"Use of Unary operator, ~",,
222,,,,Another way to convert dict to df,,
223,,,,Converting pandas df to numpy array,,
224,,,,String to numeric in  Pandas DataFrame,,
225,,,,Numpy array or pandas df to matrix convertion,,
226,,,,Subtopics of computer science and machine learning,,
227,,,,Basics of Data wrangling,,
228,,,,Concatenating pandas DataFrame,,
229,,,,DataFrame merging operation through joins,,
230,,,,Groupby operation on pandas dataframe for data analysis,,
231,,,,Detailed EDA,,
232,,,,Quick EDA,,
233,,,,EDA practice,,
234,,,,Use of ast library,,
235,,,,Use of explode function,,
236,,,,Subtopics of Overview of mathematics,,
237,,,,libraries for data visualization,,
238,,,,Matplotlib library,,
239,,,,Matplotlib  pyplot function,,
240,,,,Matplotlib Line Plot,,
241,,,,Matplotlib Horizontal Bar Plot,,
242,,,,Matplotlib Box plot and Scatter Plot,,
243,,,,drawing a trend line in the scatter plot,,
244,,,,drawing horizontal or vertial lines,,
245,,,,Seaborn library,,
246,,,,"seaborn Line plot, Scatter plot, Distribution/Density Plot",,
247,,,,"seaborn Joint Distribution Plot, Heatmap, Bar Plot",,
248,,,,"seaborn Histogram, Factor Plot, Box plot",,
249,,,,10. Seaborn Pairplot,,
250,,,,Ploting directly from pandas dataframe,,
251,,,,Editing the plot area with matplotlib and seaborn,,
252,,,,Combining two plots in a single graph,,
253,,,,Saving any print output as word file in google drive,,
254,,,,saving the plot as png in google drive,,
255,,,,Excel basics,,
256,,,,Data Handling in excel,,
257,,,,Sections in excel file (top to bottom),,
258,,,,Menu Bar Tabs in excel,,
259,,,,Data types in excel,,
260,,,,To view the groupby statistics like pandas df in excel,,
261,,,,Filter in excel,,
262,,,,Conditional Formatting in excel,,
263,,,,Sorting in excel,,
264,,,,Removing Duplicates in excel,,
265,,,,Pivot and Slicers in excel,,
266,,,,Refreshing all pivot tables,,
267,,,,Charts in excel,,
268,,,,Dashboard in excel,,
269,,,,Waterfall or birdge graph analysis,,
270,,,,Excel functions,,
271,,,,Concatenation of text in excel,,
272,,,,label value,,
273,,,,Tableau basics,,
274,,,,Best practices for visualization,,
275,,,,Panes of Tableau,,
276,,,,Trend line models in Tableau,,
277,,,,Creating Calculated field in Tableau,,
278,,,,Chart area of Tableau,,
279,,,,Chart types in Tableau,,
280,,,,Tableau Pills,,
281,,,,Tableau Desktop applications,,
282,,,,Components of a Dashboard,,
283,,,,COUNTD function,,
284,,,,Reference line and Reference band,,
285,,,,File extensions in Tableau,,
286,,,,Filters in Tableau,,
287,,,,Data blending ,,
288,,,,Data Types in Tableau,,
289,,,,KPI Basics,,
290,,,,KPI vs Metric,,
291,,,,Need of KPI for the company,,
292,,,,Types of Indicators,,
293,,,,Effectiveness and Efficiency,,
294,,,,Ways to develop KPI,,
295,,,,Three steps to a stronger KPI strategy,,
296,,,,Key Performance Indicators in practice,,
297,,,,Executive Dashboard ,,https://upload.wikimedia.org/wikipedia/commons/c/c7/3_Dashboards.JPG
298,,,,Possible dangers of industrial performance indicators,,
299,,,,SQL Basics,,
300,,,,List of relational database,,
301,,,,Difference between SQL and Python,,
302,,,,Basics of Relational Database (RDBMS),,
303,,,,Basics of Non-Relational Database,,
304,,,,Parts of SQL,,
305,,,,SQL Statements,,
306,,,,Practicing sql queries (with static data),,
307,,,,SQL Query/ Statements/ commands,,
308,,,,SELECT and SELECT DISTINT statements,,
309,,,,Conditional operators,,
310,,,,"Reading SQLite Database file (.sqlite3, .sqlite, .db) as pandas df ",,
311,,,,SQLite,,
312,,,,File extensions,,
313,,,,LIKE and ILIKE,,
314,,,,ADVANCED SQL COMMANDS,,
315,,,,TIMESTAMP & EXTRACT,,
316,,,,SUB-QUERY ,,
317,,,,SELF JOIN,,
318,,,,DATA/ DATA STRUCTURE TYPES IN SQL,,
319,,,,Primary Key and Foreign Key,,
320,,,,CONSTRAINTS IN SQL,,
321,,,,CREATING DATABASES & TABLES,,
322,,,,CONDITIONAL EXPRESSIONS & PROCEDURES,,
323,,,,"
Simple View and Complex View",,
324,,,,Syntax for the CREATE VIEW,,
325,,,,SQL queries in Python,,
326,,,,> First install postgreesql and then pgadmin (needs windows 64 bit),,
327,,,,Ways to see the files inside a .tar or .tar.gz file (zip file) without uncompressing by winzip,,
328,,,,SQL aliases,,
329,,,,Different Types of SQL JOINs,,
330,,,,MOD() function,,
331,,,,"CREATE DATABASE, DROP DATABASE and BACKUP DATABASE",,
332,,,,CREATE TABLE in SQL,,
333,,,,DELETE in SQL,,
334,,,,SQL TRUNCATE TABLE ,,
335,,,,SQL ALTER TABLE ,,
336,,,,SQL string datatypes,,
337,,,,INSERT INTO in SQL,,
338,,,,UPDATE in SQL,,
339,,,,SQL CHECK ,,
340,,,,UNION in SQL,,
341,,,,SQL TIMESTAMP and DATETIME ,,
342,,,,SQL trigger,,
343,,,,SQL NOT IN,,
344,,,,Operation with Null values in SQL,,
345,,,,SQL CONCAT,,
346,,,,SQL and String,,
347,,,,Temporary table and Heap table,,
348,,,,Sequence in SQL,,
349,,,,In SQL When we need an exact copy of a table with all columns and indexes,,
350,,,,Super Key and Candidate Key,,
351,,,,Main branches of pure mathematics,,
352,,,,Application of mathematics in machine learning,,
353,,,,Radian measure,,
354,,,,Machine Learning Use Cases of Calculus,,
355,,,,Basics of derivative ,,https://upload.wikimedia.org/wikipedia/commons/thumb/0/0f/Tangent_to_a_curve.svg/1200px-Tangent_to_a_curve.svg.png
356,,,,The chain rule,,
357,,,,Point of maxima and point of minima,,https://upload.wikimedia.org/wikipedia/commons/thumb/6/68/Extrema_example_original.svg/1200px-Extrema_example_original.svg.png
358,,,,Partial Derivatives,,https://upload.wikimedia.org/wikipedia/commons/thumb/2/2d/Partial_func_eg.svg/250px-Partial_func_eg.svg.png
359,,,,"Ways to find the slope of f(x,y)",,
360,,,,Jacobian Matrix,,
361,,,,Derivatives Formulas ,,
362,,,,Definite Integrals,,https://upload.wikimedia.org/wikipedia/commons/thumb/9/9f/Integral_example.svg/1200px-Integral_example.svg.png
363,,,,Formulas for integration,,
364,,,,Basics of Limit,,
365,,,,Solution method of limit of indeterminate form,,
366,,,, fraction,,
367,,,,Sub-branches of Algebra ,,
368,,,,Linear algebra,,
369,,,,"Scaler, Vector, Matrix and Tensor",,https://www.codingem.com/wp-content/uploads/2022/02/scalar-vector-matrix-tensor-1024x536.png
370,,,,Dimension and Direction,,
371,,,,position vector/ location vector/ radius vector,,https://upload.wikimedia.org/wikipedia/commons/thumb/c/cc/Radius_vector_-_position_vector_-_ortsvektor_-_radijvektor.svg/1200px-Radius_vector_-_position_vector_-_ortsvektor_-_radijvektor.svg.png
372,,,,Applications of Linear Algebra in Data Science,,
373,,,,Vector operations,,
374,,,,Vector Dot Product,,
375,,,,Vector Projection,,
376,,,,Vector Cross product,,https://upload.wikimedia.org/wikipedia/commons/thumb/4/4e/Cross_product_parallelogram.svg/220px-Cross_product_parallelogram.svg.png
377,,,,Vector norms,,
378,,,,Representing multivariable linear equation in vector space,,
379,,,,Multivariable linear equations,,
380,,,,Visualization of vector,,https://5.imimg.com/data5/GK/QS/CU/SELLER-78568585/piping-stress-analysis-500x500.jpg
381,,,,Types of Matrices,,
382,,,,Matrix operations,,
383,,,,Matrix multiplication,,
384,,,,Equation in matrix form,,
385,,,,Identity matrix,,
386,,,,Determinant of a matrix,,
387,,,,Transpose of a matrix,,
388,,,,Adjoint of a matrix,,
389,,,,cofactor matrix ,,
390,,,,Inverse of a matrix ,,
391,,,,Eigenvalues and Eigenvectors of a square matrix,,
392,,,,Use of eigen values and eigen vectors,,
393,,,,Nilpotent matrix ,,
394,,,,Importance of Probability theory ,,
395,,,,Set Theory,,https://upload.wikimedia.org/wikipedia/commons/thumb/b/b0/Venn_A_subset_B.svg/1200px-Venn_A_subset_B.svg.png
396,,,,"Experiment, sample space, observation and experience",,
397,,,,Intersection and Union of Sets,,https://upload.wikimedia.org/wikipedia/commons/thumb/5/5a/PolygonsSetIntersection.svg/220px-PolygonsSetIntersection.svg.png
398,,,,Mutually exclusive sets,,https://upload.wikimedia.org/wikipedia/commons/thumb/d/df/Disjunkte_Mengen.svg/1200px-Disjunkte_Mengen.svg.png
399,,,,Permutation & Combination (Counting),,https://upload.wikimedia.org/wikipedia/commons/7/79/Permutation.png
400,,,,Basic Probability,,
401,,,,Probability Axiom#1,,
402,,,,Probability Axiom#2,,
403,,,,Probability Axiom#3 or Special Addition Rule,,
404,,,,Addition Rule,,
405,,,,Conditional Probability,,
406,,,,Multiplication Rule,,
407,,,,Solving any set or probability problem,,
408,,,,Difference between mutually exclusive and independent events,,
409,,,,Basics of Summarizing Data,,
410,,,,"Numerical, Categorical, Dichotomous, and Ordinal Data",,
411,,,,1. Measure of central tendency ,,https://upload.wikimedia.org/wikipedia/commons/thumb/d/de/Comparison_mean_median_mode.svg/300px-Comparison_mean_median_mode.svg.png
412,,,,Understanding Mean,,
413,,,,Understanding Median,,
414,,,,Understanding Mode,,
415,,,,2. Measure of spread,,https://upload.wikimedia.org/wikipedia/commons/thumb/f/f9/Comparison_standard_deviations.svg/1200px-Comparison_standard_deviations.svg.png
416,,,,Understanding Range,,
417,,,,Understanding Variance,,
418,,,,Understanding Standard Deviation,,
419,,,,Understanding Interquartile Range,,
420,,,,Steps to Calculate IQR,,
421,,,,Outliers with respect to IQR,,
422,,,,3. Measures of Symmetry,,https://upload.wikimedia.org/wikipedia/commons/thumb/c/cc/Relationship_between_mean_and_median_under_different_skewness.png/434px-Relationship_between_mean_and_median_under_different_skewness.png
423,,,,Understanding skewness,,
424,,,,Libraries for Summarizing Data,,
425,,,,Skewness and Kurtosis measurements,,
426,,,,Understanding random variable,,
427,,,,Python Code for Random Variables,,
428,,,,Random seed,,
429,,,,Types of Random Variables,,
430,,,,Continuous and Discrete Random variables using numpy array,,
431,,,,Discrete Random Variables in Probability Distribution,,
432,,,,Continuous Random Variables in Probability Distribution ,,
433,,,,Mean of Random Variables,,
434,,,,Variance of Random Variables,,
435,,,,"Point probability, cumulative probability",,
436,,,,Formulas for expectation and variance,,
437,,,,Basics of Probability distribution,,https://upload.wikimedia.org/wikipedia/commons/thumb/5/54/Combined_Cumulative_Distribution_Graphs.png/455px-Combined_Cumulative_Distribution_Graphs.png
438,,,,Types of Discrete Probability Distribution,,
439,,,,1. Uniform Distribution-discrete,,https://upload.wikimedia.org/wikipedia/commons/thumb/1/1f/Uniform_discrete_pmf_svg.svg/1200px-Uniform_discrete_pmf_svg.svg.png
440,,,,2. Bernoulli Distribution,,https://upload.wikimedia.org/wikipedia/commons/7/74/Bernoulli_Distribution.PNG
441,,,,3. Binomial Distribution,,https://upload.wikimedia.org/wikipedia/commons/thumb/7/75/Binomial_distribution_pmf.svg/1200px-Binomial_distribution_pmf.svg.png
442,,,,4. Geometric Distribution,,https://upload.wikimedia.org/wikipedia/commons/thumb/4/4b/Geometric_pmf.svg/450px-Geometric_pmf.svg.png
443,,,,5. Poisson Distribution-,,https://upload.wikimedia.org/wikipedia/commons/thumb/1/16/Poisson_pmf.svg/1200px-Poisson_pmf.svg.png
444,,,,Moments of probability distribution,,
445,,,,Moments in Physics,,
446,,,,Basics of continuous distribution,,
447,,,,Types of continuous probability distribution,,
448,,,,1. Uniform Distribution-continuous,,https://upload.wikimedia.org/wikipedia/commons/thumb/9/96/Uniform_Distribution_PDF_SVG.svg/800px-Uniform_Distribution_PDF_SVG.svg.png
449,,,,2. Normal or Gaussian Distribution,,https://upload.wikimedia.org/wikipedia/commons/thumb/7/74/Normal_Distribution_PDF.svg/1200px-Normal_Distribution_PDF.svg.png
450,,,,3. Standard Normal Distribution- ,,https://www.scribbr.com/wp-content/uploads/2020/10/standard-normal-distribution.png
451,,,,4. Exponential Distribution,,https://upload.wikimedia.org/wikipedia/commons/thumb/0/02/Exponential_probability_density.svg/1200px-Exponential_probability_density.svg.png
452,,,,Gamma Function,,
453,,,,5. Gamma Distribution,,https://upload.wikimedia.org/wikipedia/commons/thumb/e/e6/Gamma_distribution_pdf.svg/1200px-Gamma_distribution_pdf.svg.png
454,,,,6. Chi-square Distribution,,https://upload.wikimedia.org/wikipedia/commons/thumb/3/35/Chi-square_pdf.svg/1200px-Chi-square_pdf.svg.png
455,,,,7. t-Distribution ,,https://upload.wikimedia.org/wikipedia/commons/thumb/4/41/Student_t_pdf.svg/1200px-Student_t_pdf.svg.png
456,,,,8. F-Distribution,,https://upload.wikimedia.org/wikipedia/commons/thumb/7/74/F-distribution_pdf.svg/1200px-F-distribution_pdf.svg.png
457,,,,log-normal distribution ,,https://upload.wikimedia.org/wikipedia/commons/thumb/8/89/Log-normal-pdfs.png/300px-Log-normal-pdfs.png
458,,,,Exponential expressions,,
459,,,,Euler's number,,
460,,,,Python Code for Continuous Distributions,,
461,,,,Continuous distributions in ML,,
462,,,,Most frequent types of distribution for data scientist:,,
463,,,,Basics of Joint Distribution,,https://upload.wikimedia.org/wikipedia/commons/thumb/9/95/Multivariate_normal_sample.svg/300px-Multivariate_normal_sample.svg.png
464,,,,Two dimensional random vector,,
465,,,,Marginal Distribution and Conditional Distribution,,
466,,,,Independent Random Variables ,,
467,,,,Probability mass function,,
468,,,,Degree of association,,
469,,,,Understanding of Covariance ,,
470,,,,Understanding of Correlation,,
471,,,,Basics of Sampling & Statistical Inference,,https://biguru.files.wordpress.com/2015/01/introduction-to-statistical-inference.jpg
472,,,,Random sample,,
473,,,,Understanding of Statistics,,
474,,,,Statistical Inference ,,
475,,,,Sample Mean and Sample Variance,,
476,,,,Independent and indentically distributed (IID) random variables,,
477,,,,Sampling with Replacement,,
478,,,,Central Limit Theorem (CLT) or z-results or z-score,,https://upload.wikimedia.org/wikipedia/commons/thumb/7/7b/IllustrationCentralTheorem.png/400px-IllustrationCentralTheorem.png
479,,,,t-Result or t-Score,,
480,,,,F-result or F-Score,,
481,,,,Point Estimation,,
482,,,,Mean and Expectation,,
483,,,,Basics of Confidence interval,,https://upload.wikimedia.org/wikipedia/commons/7/7a/Margarinefilling.png
484,,,,Calculating population parameters for one sample,,
485,,,,Population proportion for binomial experiment,,
486,,,,Calculating population parameters for two samples from difference population,,
487,,,,Pooled variance,,
488,,,,Confidence limits,,
489,,,,Sampling schemes from best to worst,,
490,,,,Basics of Hypothesis Testing,,
491,,,,Rare Event Rule for Inferential Statistics,,
492,,,,Components of a formal hypothesis test,,
493,,,,Null Hypothesis : H0,,
494,,,,Alternative Hypothesis : HA,,
495,,,,Identifying the null and alternative hypothesis,,
496,,,,Test Statistic,,
497,,,,Significance Level,,
498,,,,Critical Region,,
499,,,,Critical Value,,
500,,,,"Two-tailed, Right-tailed, Left-tailed Tests",,http://www.statisticsfromatoz.com/uploads/7/3/2/1/73216723/comparison-table_3_orig.png
501,,,,P-value or probability value,,https://upload.wikimedia.org/wikipedia/en/0/00/P-value_Graph.png
502,,,,Conclusions in Hypothesis Testing based on P-value,,
503,,,,Type-I error,,
504,,,,Type-II error,,
505,,,,Power of a hypothesis test,,
506,,,,encoding and decoding,,
507,,,,Quantum computing,,
508,,,,Blockchain,,
509,,,,Degrees of Freedom,,
510,,,,Understanding computer science,,https://upload.wikimedia.org/wikipedia/commons/thumb/b/bb/AI-ML-DL.svg/220px-AI-ML-DL.svg.png
511,,,,Understanding convensional programming,,
512,,,,Types of Computer languages,,
513,,,,"Programming language (1GL,2GL,3GL) vs scripting language (4GL,5GL)",,
514,,,,AI technique,,
515,,,,Basics of machine learning,,
516,,,,Basics of deep learning,,
517,,,,Basics of data science,,
518,,,,Role of a data scientist,,
519,,,,Difference between Business Analyst and Data Scientist,,
520,,,,Predictive ML model,,
521,,,,Meaning of heuristic technique,,
522,,,,Comparison between Heuristic technique and ML technique,,
523,,,,Types of learning models,,
524,,,,Application of regression model,,
525,,,,Application of classification model,,
526,,,,Application of Clustering model,,
527,,,,Components of reinforcement learning,,
528,,,,Application of Reinforcement learning model,,
529,,,,"Supervised, parametric, regression algorithm",,
530,,,,Basics of linear regression,,https://upload.wikimedia.org/wikipedia/commons/b/be/Normdist_regression.png
531,,,,Error or residuals,,
532,,,,Loss function and cost function,,
533,,,,Types of loss function,,
534,,,,OLS method for finding out the model parameters,,
535,,,,"
Gradient Descent Fundamentals",,https://images.deepai.org/glossary-terms/dd6cdd6fcfea4af1a1075aac0b5aa110/sgd.png
536,,,,"
Assumptions of regression",,
537,,,,Multicollinearity issue,,
538,,,,Heteroscedasticity issue,,
539,,,,Properties of regression line,,
540,,,,Advantages of linear regression,,
541,,,,Limitations of linear regression,,
542,,,,Data preparation for linear regression,,
543,,,,PyTorch,,
544,,,,Omission of relevant variable from a regression equation,,
545,,,,Visualizing Linear Regression,,
546,,,,Understanding of Feature scaling ,,
547,,,,Difference bwteen Matrix and metric,,
548,,,,Libraries for linear regression,,
549,,,,Importance of csv file,,
550,,,,Implementation Steps of Linear Regression,,
551,,,,transform and fit_transform,,
552,,,,Optimal Model,,https://upload.wikimedia.org/wikipedia/commons/thumb/9/9f/Bias_and_variance_contributing_to_total_error.svg/220px-Bias_and_variance_contributing_to_total_error.svg.png
553,,,,Underfit Model,,
554,,,,Overfit Model,,https://1.cms.s81c.com/sites/default/files/2021-03-03/model-over-fitting.png
555,,,,Understanding Estimator,,
556,,,,Polynomial model ,,
557,,,,Conversion of Categorical column to numerical,,
558,,,,Multi Label columns to Binary,,
559,,,,Number-String to numerical value,,
560,,,,"Noise, Underfittiing, Overfitting and Overgeneralizing ",,
561,,,,Basics of Regularized Linear Regression,,
562,,,,Types of Regularization,,http://ethen8181.github.io/machine-learning/regularization/images/lasso_ridge_coefficients.png
563,,,,Ridge Regression (L2 Regularization),,
564,,,,Lasso Regression (L1 Regularization),,
565,,,,Libraries for Regularized Linear Regression,,
566,,,,Alpha value,,
567,,,,Variance Inflation Factor (VIF) ,,
568,,,,Cross validation Basics,,https://upload.wikimedia.org/wikipedia/commons/thumb/b/b5/K-fold_cross_validation_EN.svg/250px-K-fold_cross_validation_EN.svg.png
569,,,,Simple Validation vs Cross Validation,,
570,,,,k-fold CV,,
571,,,,Python coding for CV,,
572,,,,yellowbrick CVScores,,
573,,,,Fundamentals of hyperparameters,,
574,,,,Hyperparameters tuning,,
575,,,,Coding for Hyperparameters tuning,,
576,,,,Steps of ML modelling,,
577,,,,Understanding Warnings,,
578,,,,Data preparation or data preprocessing,,
579,,,,Linear Transformation or Scaling,,
580,,,,Non-linear Transformations (for dealing with Skewed data),,
581,,,,Basics of Logistic regression ,,
582,,,,Meaning of odds and logit function in probability,,
583,,,,Logistic function or sigmoid function,,
584,,,,Working of parametric model,,
585,,,,Benefits of Parametric ML models:,,
586,,,,Limitations of Parametric ML Models:,,
587,,,,Working of Non-parametric model ,,
588,,,,Benefits of Nonparametric Machine Learning Algorithms:,,
589,,,,Limitations of Nonparametric Machine Learning Algorithms:,,
590,,,,Classification model and probability,,
591,,,,Generative models and Discriminative models ,,https://developers.google.com/machine-learning/gan/images/generative_v_discriminative.png
592,,,,Coding for Logistic regression ,,
593,,,,Confusion Matrix,,https://www.dataschool.io/content/images/2015/01/confusion_matrix2.png
594,,,,"Accuracy, Precision, Recall and F1-Score",,
595,,,,Importance of F1 Score,,
596,,,,Checking Cross-validation scores,,
597,,,,List of ML models,,
598,,,,Important Terminology in Decision Tree ML Model,,https://upload.wikimedia.org/wikipedia/commons/thumb/e/eb/Decision_Tree.jpg/220px-Decision_Tree.jpg
599,,,,Steps of Decision tree algorithm,,
600,,,,Methods to measure the similarity of child nodes,,
601,,,,Fitting Decision tree classifier,,
602,,,,Fitting Decision tree regressor,,
603,,,,Coding for Visualizing Decision Tree,,
604,,,,Advantages of Decision tree,,
605,,,,Disadvantages of Decision tree,,
606,,,,Basics of Ensembles of decision trees ,,
607,,,,Ensemble techniques,,
608,,,,Bagging technique,,https://upload.wikimedia.org/wikipedia/commons/7/76/Random_forest_diagram_complete.png
609,,,,Boosting technique,,https://www.researchgate.net/publication/353525179/figure/fig3/AS:1117057345175559@1643338633196/Boosting-technique-Boosting-machine-learning-Wikipedia-2021_Q640.jpg
610,,,,Extreme Gradient Boosting ,,
611,,,,Stacking technique,,
612,,,,Python coding for Ensembles of decision trees,,
613,,,,Finding feature importance,,
614,,,,Classification report,,
615,,,,Ways to improve random forest accuracy,,
616,,,,Basics of Model Explainability,,
617,,,,Black Box Model vs. White Box Model,,
618,,,,Explainable AI,,
619,,,,Importance of explainability,,
620,,,,A. Scope of explainability,,
621,,,,B. Approach of explainability,,
622,,,,Techniques or Libraries for Explainability in ML (mainly for black box models),,
623,,,,Local Interpretable Model-Agnostic Explanations (LIME),,
624,,,,Shapley Additive Explanations (SHAP),,
625,,,,Implementing SHAP,,
626,,,,Explain Like I'm 5 (ELI5),,
627,,,,Other techniques for Explainability in ML,,
628,,,,Basics of KNN,,
629,,,,Euclidean Distance,,https://upload.wikimedia.org/wikipedia/commons/thumb/5/55/Euclidean_distance_2d.svg/1200px-Euclidean_distance_2d.svg.png
630,,,,Working of kNN,,https://upload.wikimedia.org/wikipedia/commons/thumb/e/e7/KnnClassification.svg/220px-KnnClassification.svg.png
631,,,,Ways to select the value of k in the kNN Algorithm,,
632,,,,Disadvantages of kNN Algorithm:,,
633,,,,Python coding for KNN,,
634,,,,Receiver operating characteristic and AUC,,https://upload.wikimedia.org/wikipedia/commons/thumb/1/13/Roc_curve.svg/220px-Roc_curve.svg.png
635,,,,Knn for recommender system,,
636,,,,Sparse matrix and Dense matrix,,
637,,,,Basics of Naive Bayes,,
638,,,,Bayes theorem,,
639,,,,Understanding of Naive Bayes,,
640,,,,Text Pre-processing,,
641,,,,One hot encoding,,
642,,,,Python coding for Naive Bayes,,
643,,,,Generalization Error,,
644,,,,Basics of SVM,,https://upload.wikimedia.org/wikipedia/commons/thumb/7/72/SVM_margin.png/300px-SVM_margin.png
645,,,,Kernel function ,,
646,,,,"Hinge loss function, hypersurface and hyperplane",,
647,,,,Python coding for SVM,,
648,,,,Tuning the SVM,,
649,,,,Advantages of SVM,,
650,,,,Disadvantages of SVM,,
651,,,,Basics of Artificial Neural Network,,
652,,,,"Perceptron, neuron, node, unit",,https://upload.wikimedia.org/wikipedia/commons/thumb/e/e4/Artificial_neural_network.svg/560px-Artificial_neural_network.svg.png
653,,,,Model coefficients,,
654,,,,The components of neural network: ,,
655,,,,Backward propagation,,
656,,,,Understanding epochs,,
657,,,,Batch size and iteration,,
658,,,,Optimal accuracy in Neural Network,,
659,,,,Applications of Neural Networks:,,
660,,,,Steps involved in a Neural Network,,
661,,,,Libraries for ANN model,,
662,,,,"Define, Create and Compile ANN model",,
663,,,,# fit the ANN model on the dataset,,
664,,,,# evaluate the ANN model,,
665,,,,Plotting roc_curve,,
666,,,,Understanding Feature engineering,,
667,,,,Importance of Feature Engineering,,
668,,,,Basic EDA,,
669,,,,Understanding Outliers,,
670,,,,Understanding Clustering Algorithm,,https://upload.wikimedia.org/wikipedia/commons/thumb/d/d1/KMeans-density-data.svg/199px-KMeans-density-data.svg.png
671,,,,Python coding for Kmeans,,
672,,,,Few issues of Kmeans,,
673,,,,Expectation-Maximization approach ,,
674,,,,Silhouette score for finding best no. of clusters ,,
675,,,,Elbow method for finding best no. of clusters ,,
676,,,,Plotting Clusters,,
677,,,,Features of KMeans model,,
678,,,,Density-based clustering,,
679,,,,"recency, frequency and monetary (RFM)",,
680,,,,Basics of Hierarchical clustering,,https://upload.wikimedia.org/wikipedia/commons/thumb/a/ad/Hierarchical_clustering_simple_diagram.svg/418px-Hierarchical_clustering_simple_diagram.svg.png
681,,,,Types of hierarchical clustering:,,
682,,,,Proximity matrix,,
683,,,,Understanding Linkage,,
684,,,,Finding out no. of clusters from visualization,,
685,,,,Python coding for Hierarchical clustering,,
686,,,,Basics of PCA,,
687,,,,Drawback of PCA,,
688,,,,Python Coding of PCA,,
689,,,,Understanding the important features in PCA,,
690,,,,Deeper Understanding of PCA,,https://upload.wikimedia.org/wikipedia/commons/thumb/f/f5/GaussianScatterPCA.svg/300px-GaussianScatterPCA.svg.png
691,,,,Math behind PCA,,
692,,,,PCA and Truncated SVD ,,
693,,,,Scree Plot,,
694,,,,Trace of matrix,,
695,,,,Basics of Anomaly detection ,,
696,,,,Assumptions in Anomaly detection ,,
697,,,,Finding global outliers,,
698,,,,1. Univariate Anomaly Detection,,
699,,,,Python coding for Isolation forest,,
700,,,,2. Multivariate Anomaly Detection,,
701,,,,Finding local outliers-LOF,,
702,,,,Visual representation of univariate anomalies,,
703,,,,Deeper Understanding of Anomalies,,
704,,,,Natural Language Understanding (NLU) in five dimensions,,
705,,,,Important Applications of NLP,,
706,,,,Feature engineering in NLP,,
707,,,,n-gram in NLP,,
708,,,,Understanding TF-IDF,,
709,,,,RNN or LSTM in NLP,,
710,,,,Libraries for NLP,,
711,,,,Right order for a text classification ,,
712,,,,Measuring the complexity of a sentence,,
713,,,,Basics of Topic modeling,,
714,,,,Basic assumptions of all topic models:,,
715,,,,Libraries for Topic Modeling,,
716,,,,Understanding LDA,,
717,,,,Plate Notation,,https://upload.wikimedia.org/wikipedia/commons/thumb/d/d3/Latent_Dirichlet_allocation.svg/300px-Latent_Dirichlet_allocation.svg.png
718,,,,Python coding of LDA model ,,
719,,,,Visualization of LDA,,
720,,,,Cosine Similarity,,
721,,,,Basics of Recommender System,,
722,,,,Popular Recommender Systems,,
723,,,,Collaborative Filtering,,
724,,,,Content-Based Filtering,,
725,,,,Hybrid Approach,,
726,,,,Implementation strategies of Collaborative Filtering,,
727,,,,Latent factor models,,
728,,,,Matrix Factorization (SVD),,
729,,,,Implementation of SVD,,
730,,,,metrics used for evaluation of Recommender systems,,
731,,,,Shortcoming of content-based recommender systems,,
732,,,,Basics of Time Series,,https://upload.wikimedia.org/wikipedia/commons/thumb/0/05/Tuberculosis_incidence_US_1953-2009.png/220px-Tuberculosis_incidence_US_1953-2009.png
733,,,,Components of Time Series,,https://itfeature.com/wp-content/uploads/2020/03/component-of-time-series.png
734,,,,Multiplicative Model,,
735,,,,Ways to approach a Time Series Prediction Problem,,
736,,,,1. Naive Forecast,,
737,,,,2. Moving Average (MA),,
738,,,,3. Weighted average ,,
739,,,,4. Exponential smoothing,,
740,,,,5. Double exponential smoothing,,
741,,,,Assumption in Time Series,,
742,,,,6. Econometric approach,,
743,,,,Understanding ARIMA,,
744,,,,Understanding SARIMA,,
745,,,,Libraries for Time Series Analysis,,
746,,,,Machine learning approach in Time series,,
747,,,,Downside of SARIMA,,
748,,,,Understanding Leakage,,
749,,,,Prophet or Facebook Prophet,,
750,,,,Cross Validation in Time Series,,
751,,,,Demand pattern classification in time series,,
752,,,,Product forecastability,,
753,,,,Basics of case study,,
754,,,,Categorization of case studies,,
755,,,,Guesstimate (Problem Solving Approach),,
756,,,,Meaning of Diagnosis  ,,
757,,,,ML in Healthcare,,
758,,,,Geometric Mean Length of Stay (GMLOS),,
759,,,,Features for the prediction of LOS,,
760,,,,Understanding Fraud,,
761,,,,WAYS TO CAPTURE FRAUDULENT BEHAVIOURS,,
762,,,,Social Engineering Scams,,
763,,,,Synthetic Minority Over-sampling Technique (SMOTE),,
764,,,,C4 -Curious Case of Customer Credit,,
765,,,,Overall Objective of Credit Risk,,
766,,,,Predictive Analytics of Credit Risk,,
767,,,,Prescriptive Analytics,,
768,,,,Metrics that help in evaluating our modelâ€™s accuracy,,
769,,,,Model Health using KS Scores,,
770,,,,Decision Making using Risk Bins,,
771,,,,C4 -Curious Case of Customer Contacts ,,
772,,,,Important Features in E-commerce,,
773,,,,Predictive Analytics in  E-commerce,,
774,,,,Understanding UNIX Operating System,,
775,,,,Kernel and shell of UNIX,,
776,,,,Understanding LINUX Operating System,,
777,,,,Time Complexity and  Space Complexity,,
778,,,,Ways to connect to an EC2 instance,,
779,,,,Security of Remote Computer,,
780,,,,Git Bash Understanding,,
781,,,,Introduction to Repository,,
782,,,,"
Steps to connect to an EC2 instance",,
783,,,,Understanding IP address,,
784,,,,Basic Bash or Linux commands,,
785,,,,Few UNIX commands during project setup,,
786,,,,File Permission Handling for security,,
787,,,,UNIX command in colab notebook with ! Mark,,
788,,,,Creating a Simple Module,,
789,,,,Basics of modular programming,,
790,,,,One-Off Script Layout,,
791,,,,Installable Package Layout,,
792,,,,App with Internal Packages Layout,,
793,,,,Data Science Project Layout,,
794,,,,Using cookiecutter for packaging,,
795,,,,"stdin, stdout and stderr",,
796,,,,Reading a static data file from inside a Python package,,
797,,,,Code for Creating python library ,,
798,,,,Testing during packaging of our own python library,,
799,,,,CVCS and DVCS,,
800,,,,GitHub workflow,,
801,,,,Steps of creating local git repository,,
802,,,,Concept of Branch,,
803,,,,Synchronising local git repository with Github (remote),,
804,,,,Merging operation in git,,
805,,,,Continuous Integration/ Continuous Deployment or Delivery (CI/CD),,
806,,,,Understanding API,,
807,,,,Types of web pages,,
808,,,,Machine Learning Services,,
809,,,,Types of API (Package for creating Apps),,
810,,,,Basics of Flask,,
811,,,,Benefits of using the Flask framework,,
812,,,,Popular HTTP Requests,,
813,,,,Use of Virtual Environment,,
814,,,,Creating a virtual environment,,
815,,,,Understanding pip install,,
816,,,,Creating a Web App in Flask,,
817,,,,Jinja techniques,,
818,,,,Ways to edit script code (.py file) in Colab notebook (alternative to vs code),,
819,,,,Common file formats used in Data Science:,,
820,,,,Flaskr as a basic blog application,,
821,,,,Hyper Text Markup Language,,
822,,,,Understanding FastAPI,,
823,,,,WSGI vs ASGI,,
824,,,,Features of FastAPI,,
825,,,,Pydantic Data Model,,
826,,,,FastAPI Working with SQL (RDBMS),,
827,,,,VS Code for python coding,,
828,,,,Ways to use python in local machine through git bash (when anaconda installed),,
829,,,,Docker Basics,,
830,,,,Image or Docker Image,,
831,,,,Container or Docker Container,,
832,,,,Introduction to dockerhub,,
833,,,,Ways to install docker in EC2 instance,,
834,,,,Basic Docker Commands,,
835,,,,Docker or Container volume,,
836,,,,Docker Bridge Networking and Port Mapping,,
837,,,,Docker Compose,,
838,,,,Docker swarm,,
839,,,,Understanding Microservices,,
840,,,,API Gateway,,
841,,,,Development of Microservices,,
842,,,,Kubernetes,,
843,,,,Python code for creating a Streamlit file,,
844,,,,Creating a file for streamlit inside the session,,
845,,,,Creating a Streamlit Project,,
846,,,,Computer Networking,,
847,,,,Deploying streamlit app in Google Cloud,,
848,,,,Deploying streamlit app in AWS EC2,,
849,,,,ngrok,,
850,,,,4 Phases of ML Lifecycle,,
851,,,,Challenges with ML during development,,
852,,,,Challenges with ML in production,,
853,,,,Data drift and Model drift,,
854,,,,Machine learning engineering,,
855,,,,Cloud computing advantages,,
856,,,,Cloud service models,,
857,,,,runtime system,,
858,,,,CPU vs GPU,,
859,,,,Azure machine learning platform ,,
860,,,,Azure ML Workspace and Azure ML piplines,,
861,,,,Connecting to azure ml,,
862,,,,Blob storage,,
863,,,,File handling in python,,
864,,,,Different cloud deployment models,,
865,,,,DevOps and MLOps,,
866,,,,Agile software development,,
867,,,,Key components of MLOps,,
868,,,,Advantages of MLOps,,
869,,,,Key outcomes of MLOps,,
870,,,,Model registry and Metadata ,,
871,,,,MLFLow Basics,,
872,,,,Apache Spark (PySpark),,
873,,,,Advantages of Spark,,
874,,,,Spark Modules,,
875,,,,RDD operations,,
876,,,,Anatomy of Spark Application,,
877,,,,Spark application coding (in colab),,
878,,,,Directed Acyclic Graph (DAG),,
879,,,,Azure Databricks,,
880,,,,Spark application deploy modes,,
881,,,,Apache Airflow,,
882,,,,Introduction to Jenkins,,
883,,,,Use of Apache Airflow,,
884,,,,Airflow Components,,
885,,,,Web Server and Scheduler,,
886,,,,Metadata Database,,
887,,,," Executor, Worker and Operator",,
888,,,,Applications of Airflow,,
889,,,,Understanding Celery,,
890,,,,Basic of Deep Neural Networks,,
891,,,,"ANN, CNN and RNN",,
892,,,,Channels of RGB image,,
893,,,,Writing sigmoid function,,
894,,,,Deeper understanding of deep neural network,,
895,,,,Writing initialize weight function ,,
896,,,,Writing optimization function,,
897,,,,Loss function and Cost Function in DNN,,
898,,,,Writing propagate function,,
899,,,,Computational graph,,
900,,,,Calculation behind gradient descent,,
901,,,,Need of vectorization,,
902,,,,Vectorized implementation of forward propagation for layer l,,
903,,,,Notations in DNN,,
904,,,,SIMD units,,
905,,,,Writing predict function,,
906,,,,Element-wise matrix multiplication,,
907,,,,Notation for multiple layers,,
908,,,,Activation functions,,
909,,,,Linear and nonlinear activation function,,
910,,,,Keras and TensorFlow,,
911,,,,Problem of zero initialization,,
912,,,,Initializing parameters for the model (for deep network),,
913,,,, Deep Learning capabilities:,,
914,,,,RNN for machine translation,,
915,,,,Layer dimension notation in Neural Network,,
916,,,,Weight notation in Neural Network,,
917,,,,Bias notation in Neural Network,,
918,,,,Network notation for i th experience,,
919,,,,Forward propagation and backpropagation,,
920,,,,"shallow"" neural network",,
921,,,,Basics of Improving Deep Neural Networks,,
922,,,,Basic 'recipe' for all machine learning models,,
923,,,,DNN model complexity,,
924,,,,Dropout regularization,,
925,,,,Implementing dropout ('inverted dropout'): ,,
926,,,,Data Augmentation,,
927,,,,Early stopping technique to stop overfitting,,
928,,,,Importance of normalized inputs,,
929,,,,Exploding and Vanishing gradient,,
930,,,,Gradient checking,,
931,,,,Out of Bag (OOB) score,,
932,,,,Optimization Algorithms,,
933,,,,1. Mini-Batch gradient descent,,
934,,,,> Notation of Mini-batch,,
935,,,,> Choosing our mini-batch size,,
936,,,,2. Gradient Descent with momentum (AdaGrad),,
937,,,,Exponentially weighted averages,,
938,,,,"
3. RMSprop",,
939,,,,4. Adam Optimization Algorithm ,,
940,,,,5. Learning rate decay,,
941,,,,Problem of local optima,,
942,,,,Hyperparameters tuning in DNN ,,
943,,,,Batch normalization,,
944,,,,Multi-class classification,,
945,,,,Deep learning programming framework,,
946,,,,Python coding for DNN,,
947,,,,Different vector operations in tensor flow,,
948,,,,"Cross entropy loss function (for classification problem), ",,
949,,,,Google Text to Speech,,
950,,,,Basics Structuring ML project,,
951,,,,Orthogonalization Basics,,
952,,,,Fundamental assumptions of supervised learning,,
953,,,,Setting up our goal,,
954,,,,Positional Encoding in Transformer,,
955,,,,Changing dev/test sets and metrics,,
956,,,,Comparing to human level performance,,
957,,,,Human level error and avoidable bias,,
958,,,,Error Analysis,,
959,,,,Transformer Network,,
960,,,,Mismatched training and dev/test data (if the training and dev data are from different distribution),,
961,,,,"Learning from multiple tasks
 
Ways to learn from multiple tasks:",,
962,,,,1. Transfer learning ,,
963,,,,2. Multi-task learning,,
964,,,,End to end deep learning,,
965,,,,Pros and cons of end to end deep learning,,
966,,,,Difference between Multi-class and multi-task learning,,
967,,,,Testing the model for the entire dataset,,
968,,,,Perceptual task ,,
969,,,,Basics of Pixel ,,
970,,,,Convolution on Black-and-white Image,,
971,,,,Convolution operation,,
972,,,,Padding in CNN,,
973,,,,Strided Convolution,,
974,,,,Convolution on RGB image (Coloured image),,
975,,,,Types of layer in a convolutional network:,,
976,,,,Pooling Layer,,
977,,,,Necessity of Convolution,,
978,,,,Calulating the size of output volume for convolution or pooling,,
979,,,,Notation for multiple CONV layers,,
980,,,,Common behavior of all the CNN architecture,,
981,,,,LeNet-5 architecture,,
982,,,,AlexNet architecture,,
983,,,,VGG-16 architecture,,
984,,,,ResNet and Inception architecture,,
985,,,,Network in Network,,
986,,,,Using open-source implementation,,
987,,,,Common Augmentation methods,,
988,,,,Sources of data for any ML model,,
989,,,,Object detection ,,
990,,,,Tips for winning competitions,,
991,,,,Importing Kaggle dataset in colab,,
992,,,,Common steps for pre-processing Image Data,,
993,,,,Building blocks of deep learning model,,
994,,,,Difference between image classification and object detection,,
995,,,,Image Classification with Localization,,
996,,,,Landmark detection,,
997,,,,Convolutional implementation of sliding windows for detecting multiple objects,,
998,,,,Object detection algorithm,,
999,,,,1. YOLO algorithm,,
1000,,,,Steps in YOLO algorithm,,
1001,,,,2. Intersection over union  algorithm,,
1002,,,,3. Non-max supression,,
1003,,,,4. Anchor box algorithm,,
1004,,,,Face Verification ,,
1005,,,,Face Recognition,,
1006,,,,Siamese network,,
1007,,,,Training set for calculating Triplet loss ,,
1008,,,,Neural Style Transfer,,
1009,,,,Finding generated image,,
1010,,,,Style and style matrix ,,
1011,,,,Examples of Models with sequence data,,
1012,,,,Notation in RNN,,
1013,,,,Vectorization of words,,
1014,,,,Problem of a standard neural network in sequence data,,
1015,,,,Summary of RNN,,
1016,,,,Types of RNN,,
1017,,,,Language Modelling,,
1018,,,,Sampling or creating sequence (sentence) from a trained language model (RNN),,
1019,,,,Character-level language model,,
1020,,,,Opening image file in python,,
1021,,,,Gated Recurrent Unit,,
1022,,,,Long short-term memory (LSTM) ,,
1023,,,,Bidirectional RNN (BRNN),,
1024,,,,Deep RNN,,
1025,,,,Natural language generation (NLG) ,,
1026,,,,Huggingface Transformer,,
1027,,,,Word Embedding,,
1028,,,,Trigger word detection,,
1029,,,,Visualizing word embeddings,,
1030,,,,Embedding matrix ,,
1031,,,,Transfer learning and word embeddings,,
1032,,,,Learning word embeddings,,
1033,,,,Context/target pairs,,
1034,,,,Word2Vec model,,
1035,,,,Problem with softmax classification,,
1036,,,,Negative Sampling,,
1037,,,,GloVe model,,
1038,,,,The problem of bias in word embeddings,,
1039,,,,Use of Pre-trained model for getting word embeddings,,
1040,,,,Machine translation,,
1041,,,,Beam Search,,
1042,,,,Refinements to beam search,,
1043,,,,BFS and DFS,,
1044,,,,Error analysis on beam search,,
1045,,,,Attention model,,
1046,,,,Blue Score,,
1047,,,,Speech recognition,,
1048,,,,Basic Rule of CTC based technique,,
1049,,,,Trigger word detection,,
1050,,,,Knowledge of data science to understand human psychology and intelligence,,
1051,,,,Prabir Debnath as drona for tellme model,,
1052,,,,Help Lines,,
1053,,,,Practical implementation of hypothesis test,,
1054,,,,Evaluation Metrics for Imbalanced Classification,,
1055,,,,Operational monitoring and functional monitoring in MLE,,
1056,,,,K-means++ Algorithm,,
1057,,,,One-hot encoding vs Label Encoding,,
1058,,,,Stopping Criteria for K-Means Clustering,,
1059,,,,Swamping and Masking,,
1060,,,,Potential or Use of Anomalies,,
1061,,,,A/B Testing,,
1062,,,,Bag of words (BOW),,
1063,,,,Part-of-speech (POS) tagging,,
1064,,,,Similarity between LDA and PCA,,
1065,,,,Performance of a machine learning model,,
1066,,,,Understanding Inheritance,,
1067,,,,Under-sampling: Tomek links,,
1068,,,,Basics of data analysis and data mining,,
1069,,,,Window Function,,
1070,,,,Common Table Expression (CTE),,
1071,,,,L2 regularization and weight decay,,
1072,,,,Techniques to reduce overfitting,,
1073,,,,SQL IN Operator,,
1074,,,,SQL indexing,,
1075,,,,Writing function in SQL,,
1076,,,,Power Query in Excel or Power BI,,
1077,,,,Random forest hyperparameters,,
1078,,,,SVR hyperparameters,,
1079,,,,TFIDF hyperparameters,,
1080,,,,Word2Vec hyperparameters,,
1081,,,,LDA hyperparameters,,
1082,,,,Difference between PARTITION BY and GROUP BY in SQL,,
1083,,,,CROSS JOIN in sql,,
1084,,,,Database or SQL Normalization,,
1085,,,, SQL aggregate functions,,
1086,,,,Longest substring of vowels,,
