id,name,tags
618bd999970c43071c7ab059,Huawei-Firewall,tide
618bd999970c43071c7ab05a,Canon-Printer,tide
618bd999970c43071c7ab05b,CUPS,tide
618bd999970c43071c7ab05c,Dell-Printer,tide
618bd999970c43071c7ab05d,Epson printer,tide
618bd999970c43071c7ab05e,epson打印机,tide
618bd999970c43071c7ab05f,HP-OfficeJet-Printer,tide
618bd999970c43071c7ab060,HP-Printer,tide
618bd999970c43071c7ab061,HP-LaserJet-Printer,tide
618bd999970c43071c7ab062,Miranda ftp,tide
618bd999970c43071c7ab063,Tenor,tide
618bd999970c43071c7ab064,Parker FTP,tide
618bd999970c43071c7ab065,spftp,tide
618bd999970c43071c7ab066,NcFTPd,tide
618bd999970c43071c7ab067,SurgeFTP,tide
618bd999970c43071c7ab068,DreamHost FTP,tide
618bd999970c43071c7ab069,ZTE FTP,tide
618bd999970c43071c7ab06a,Serv-U FTP,tide
618bd999970c43071c7ab06b,FileZilla Server,tide
618bd999970c43071c7ab06c,ProFTPD,tide
618bd999970c43071c7ab06d,blah FTP,tide
618bd999970c43071c7ab06e,Wind River FTP,tide
618bd999970c43071c7ab06f,bftp,tide
618bd999970c43071c7ab070,vsftpd,tide
618bd999970c43071c7ab071,Microsoft FTP,tide
618bd999970c43071c7ab072,Pure-FTP,tide
618bd999970c43071c7ab073,Biscom-Delivery-Server,tide
618bd999970c43071c7ab074,CrushFTP,tide
618bd999970c43071c7ab075,AirOS,tide
618bd999970c43071c7ab076,MacOS ,tide
618bd999970c43071c7ab077,windows 64bit,tide
618bd999970c43071c7ab078,WINDOWS 32bit,tide
618bd999970c43071c7ab079,Unix,tide
618bd999970c43071c7ab07a,Scientific Linux,tide
618bd999970c43071c7ab07b,Oracle Solaris,tide
618bd999970c43071c7ab07c,FreeBSD,tide
618bd999970c43071c7ab07d,linuxmint,tide
618bd999970c43071c7ab07e,Redhat,tide
618bd999970c43071c7ab07f,openSUSE,tide
618bd999970c43071c7ab080,Fedora,tide
618bd999970c43071c7ab081,Ubuntu,tide
618bd999970c43071c7ab082,centos,tide
618bd999970c43071c7ab083,Debian,tide
618bd999970c43071c7ab084,DD-WRT,tide
618bd999970c43071c7ab085,HyNetOS-httpd,tide
618bd999970c43071c7ab086,OpenSolaris,tide
618bd999970c43071c7ab087,Gentoo Linux,tide
618bd999970c43071c7ab088,Slackware,tide
618bd999970c43071c7ab089,PCLinuxOS,tide
618bd999970c43071c7ab08a,MontaVista linux,tide
618bd999970c43071c7ab08b,pagespeed,tide
618bd999970c43071c7ab08c,mod_bwlimited,tide
618bd999970c43071c7ab08d,mod_auth_passthrough,tide
618bd999970c43071c7ab08e,mod_auth_pam,tide
618bd999970c43071c7ab08f,mod_fastcgi,tide
618bd999970c43071c7ab090,mod_jk,tide
618bd999970c43071c7ab091,mod_perl,tide
618bd999970c43071c7ab092,mod_python,tide
618bd999970c43071c7ab093,mod_rack,tide
618bd999970c43071c7ab094,mod_rails,tide
618bd999970c43071c7ab095,mod_ssl,tide
618bd999970c43071c7ab096,mod_wsgi,tide
618bd999970c43071c7ab097,mod_antiloris,tide
618bd999970c43071c7ab098,UrlRewriter.NET,tide
618bd999970c43071c7ab099,mod_dav,tide
618bd999970c43071c7ab09a,Suhosin,tide
618bd999970c43071c7ab09b,PleskLin,tide
618bd999970c43071c7ab09c,mod_pagespeed,tide
618bd999970c43071c7ab09d,mod_throttle,tide
618bd999970c43071c7ab09e,mod_macro,tide
618bd999970c43071c7ab09f,mod_psoft_traffic,tide
618bd999970c43071c7ab0a0,mod_gzip,tide
618bd999970c43071c7ab0a1,mod_log_bytes,tide
618bd999970c43071c7ab0a2,mod_autoindex_color,tide
618bd999970c43071c7ab0a3,mod_nss,tide
618bd999970c43071c7ab0a4,mod_auth_kerb,tide
618bd999970c43071c7ab0a5,mod_fcgid,tide
618bd999970c43071c7ab0a6,mod_apreq2,tide
618bd999970c43071c7ab0a7,mod_hive,tide
618bd999970c43071c7ab0a8,mod_encoding,tide
618bd999970c43071c7ab0a9,mod_evasive,tide
618bd999970c43071c7ab0aa,log_rotate,tide
618bd999970c43071c7ab0ab,Ben-SSL,tide
618bd999970c43071c7ab0ac,ewebeditor,tide
618bd999970c43071c7ab0ad,fckeditor,tide
618bd999970c43071c7ab0ae,xheditor,tide
618bd999970c43071c7ab0af,KindEditor,tide
618bd999970c43071c7ab0b0,百度在线web编辑器,tide
618bd999970c43071c7ab0b1,BlackJumboDog,tide
618bd999970c43071c7ab0b2,Cerberus-Helpdesk,tide
618bd999970c43071c7ab0b3,Zoom-Search-Engine,tide
618bd999970c43071c7ab0b4,Conexant-EmWeb,tide
618bd999970c43071c7ab0b5,Deluge-web,tide
618bd999970c43071c7ab0b6,Enigma2,tide
618bd999970c43071c7ab0b7,EMC-Documentum-Webtop,tide
618bd999970c43071c7ab0b8,FreeJoomlas_com,tide
618bd999970c43071c7ab0b9,Fpoll,tide
618bd999970c43071c7ab0ba,evercookie,tide
618bd999970c43071c7ab0bb,FirePHP,tide
618bd999970c43071c7ab0bc,Gitweb,tide
618bd999970c43071c7ab0bd,Geobytes-GeoSelect,tide
618bd999970c43071c7ab0be,IMGallery,tide
618bd999970c43071c7ab0bf,Intermec-EasyLAN,tide
618bd999970c43071c7ab0c0,Jasig-CAS,tide
618bd999970c43071c7ab0c1,doubleclick_ad,tide
618bd999970c43071c7ab0c2,baidu广告联盟,tide
618bd999970c43071c7ab0c3,Google_AdSense,tide
618bd999970c43071c7ab0c4,Open_AdStream,tide
618bd999970c43071c7ab0c5,adinfinity,tide
618bd999970c43071c7ab0c6,adriver,tide
618bd999970c43071c7ab0c7,ad network script,tide
618bd999970c43071c7ab0c8,BosClassifieds,tide
618bd999970c43071c7ab0c9,DUclassified,tide
618bd999970c43071c7ab0ca,squid,tide
618bd999970c43071c7ab0cb,kangle反向代理,tide
618bd999970c43071c7ab0cc,Varnish,tide
618bd999970c43071c7ab0cd,Aicache,tide
618bd999970c43071c7ab0ce,SJSWPS_ OiWPS,tide
618bd999970c43071c7ab0cf,HAProxy_Report,tide
618bd999970c43071c7ab0d0,PHP,tide
618bd999970c43071c7ab0d1,ASP.NET,tide
618bd999970c43071c7ab0d2,python,tide
618bd999970c43071c7ab0d3,ruby,tide
618bd999970c43071c7ab0d4,jsp,tide
618bd999970c43071c7ab0d5,perl,tide
618bd999970c43071c7ab0d6,nodejs,tide
618bd999970c43071c7ab0d7,ASP,tide
618bd999970c43071c7ab0d8,ASP.NET Version,tide
618bd999970c43071c7ab0d9,JSP 2.x,tide
618bd999970c43071c7ab0da,lua,tide
618bd999970c43071c7ab0db,jquery,tide
618bd999970c43071c7ab0dc,bootstrap,tide
618bd999970c43071c7ab0dd,d3,tide
618bd999970c43071c7ab0de,jquery-ui,tide
618bd999970c43071c7ab0df,yui,tide
618bd999970c43071c7ab0e0,AlloyUI,tide
618bd999970c43071c7ab0e1,React.js,tide
618bd999970c43071c7ab0e2,zepto.js,tide
618bd999970c43071c7ab0e3,vue框架,tide
618bd999970c43071c7ab0e4,ExtJS,tide
618bd999970c43071c7ab0e5,angular框架,tide
618bd999970c43071c7ab0e6,fancyBox,tide
618bd999970c43071c7ab0e7,TinyNav.js,tide
618bd999970c43071c7ab0e8,Accordion Content script,tide
618bd999970c43071c7ab0e9,CSS Tools: Reset CSS,tide
618bd999970c43071c7ab0ea,jiathis,tide
618bd999970c43071c7ab0eb,ujian,tide
618bd999970c43071c7ab0ec,百度分享,tide
618bd999970c43071c7ab0ed,joomla-facebook,tide
618bd999970c43071c7ab0ee,addthis,tide
618bd999970c43071c7ab0ef,hellobar,tide
618bd999970c43071c7ab0f0,Clicky,tide
618bd999970c43071c7ab0f1,百为路由,tide
618bd999970c43071c7ab0f2,锐捷NBR路由器,tide
618bd999970c43071c7ab0f3,mikrotik,tide
618bd999970c43071c7ab0f4,中兴路由器,tide
618bd999970c43071c7ab0f5,h3c路由器,tide
618bd999970c43071c7ab0f6,jcg无线路由器,tide
618bd999970c43071c7ab0f7,D-Link_VoIP_Wireless_Router,tide
618bd999970c43071c7ab0f8,arrisi_Touchstone,tide
618bd999970c43071c7ab0f9,ZyXEL,tide
618bd999970c43071c7ab0fa,Ruckus,tide
618bd999970c43071c7ab0fb,Motorola_SBG900,tide
618bd999970c43071c7ab0fc,Wimax_CPE,tide
618bd999970c43071c7ab0fd,Cisco_Cable_Modem,tide
618bd999970c43071c7ab0fe,Scientific-Atlanta_Cable_Modem,tide
618bd999970c43071c7ab0ff,rap,tide
618bd999970c43071c7ab100,ZTE_MiFi_UNE,tide
618bd999970c43071c7ab101,DI-804HV,tide
618bd999970c43071c7ab102,HuaweiHomeGateway,tide
618bd999970c43071c7ab103,TP-LINK无线路由器,tide
618bd999970c43071c7ab104,ZTE_ZSRV2_Router,tide
618bd999970c43071c7ab105,百为智能流控路由器,tide
618bd999970c43071c7ab106,乐视路由器,tide
618bd999970c43071c7ab107,Verizon_Wireless_Router,tide
618bd999970c43071c7ab108,Nexus_NX_router,tide
618bd999970c43071c7ab109,Verizon_Router,tide
618bd999970c43071c7ab10a,小米路由器,tide
618bd999970c43071c7ab10b,QNO_Router,tide
618bd999970c43071c7ab10c,爱快流控路由,tide
618bd999970c43071c7ab10d,uyan,tide
618bd999970c43071c7ab10e,disqus,tide
618bd999970c43071c7ab10f,google-analytics,tide
618bd999970c43071c7ab110,cnzz,tide
618bd999970c43071c7ab111,baidu统计,tide
618bd999970c43071c7ab112,51la,tide
618bd999970c43071c7ab113,awstats_misc_tracker,tide
618bd999970c43071c7ab114,advancedwebstats,tide
618bd999970c43071c7ab115,hubspot,tide
618bd999970c43071c7ab116,51yes,tide
618bd999970c43071c7ab117,Piwik,tide
618bd999970c43071c7ab118,ipinyou,tide
618bd999970c43071c7ab119,腾讯移动分析,tide
618bd999970c43071c7ab11a,ClickTale,tide
618bd999970c43071c7ab11b,ThinkPHP,tide
618bd999970c43071c7ab11c,Swiftlet,tide
618bd999970c43071c7ab11d,CodeIgniter,tide
618bd999970c43071c7ab11e,ColdFusion,tide
618bd999970c43071c7ab11f,WebObjects,tide
618bd999970c43071c7ab120,cakephp,tide
618bd999970c43071c7ab121,Django,tide
618bd999970c43071c7ab122,zikula_framework,tide
618bd999970c43071c7ab123,NetteFramework,tide
618bd999970c43071c7ab124,Fat-FreeFramework,tide
618bd999970c43071c7ab125,Play-Framework,tide
618bd999970c43071c7ab126,Restlet-Framework,tide
618bd999970c43071c7ab127,Kohana-Framework,tide
618bd999970c43071c7ab128,flow_framework,tide
618bd999970c43071c7ab129,SIMIT_framework,tide
618bd999970c43071c7ab12a,axis2-web,tide
618bd999970c43071c7ab12b,ASP.NET MVC,tide
618bd999970c43071c7ab12c,Go-Json-Rest,tide
618bd999970c43071c7ab12d,Apache-Cocoon,tide
618bd999970c43071c7ab12e,Apache-Wicket,tide
618bd999970c43071c7ab12f,BEA-WebLogic-Server,tide
618bd999970c43071c7ab130,BlueDragon,tide
618bd999970c43071c7ab131,CodeIgniter-PHP-Framework,tide
618bd999970c43071c7ab132,Bobo,tide
618bd999970c43071c7ab133,Dradis-Framework,tide
618bd999970c43071c7ab134,EDK,tide
618bd999970c43071c7ab135,eDirectory,tide
618bd999970c43071c7ab136,Esvon-Classifieds,tide
618bd999970c43071c7ab137,FrontPage-Extensions,tide
618bd999970c43071c7ab138,FreePBX,tide
618bd999970c43071c7ab139,FreakAuth,tide
618bd999970c43071c7ab13a,Fluid-Dynamics-Search-Engine,tide
618bd999970c43071c7ab13b,Horde-Application-Framework,tide
618bd999970c43071c7ab13c,Karrigell,tide
618bd999970c43071c7ab13d,JSF,tide
618bd999970c43071c7ab13e,vertx,tide
618bd999970c43071c7ab13f,Spring Security,tide
618bd999970c43071c7ab140,Zend Framework,tide
618bd999970c43071c7ab141,yii,tide
618bd999970c43071c7ab142,mongodb,tide
618bd999970c43071c7ab143,elasticsearch,tide
618bd999970c43071c7ab144,phpMyadmin,tide
618bd999970c43071c7ab145,MVB2000,tide
618bd999970c43071c7ab146,GPSweb,tide
618bd999970c43071c7ab147,Tumblr,tide
618bd999970c43071c7ab148,phpinfo,tide
618bd999970c43071c7ab149,AD_RS设备,tide
618bd999970c43071c7ab14a,FrontPageServerExtension,tide
618bd999970c43071c7ab14b,认证页面,tide
618bd999970c43071c7ab14c,TCN协议,tide
618bd999970c43071c7ab14d,sharepoint,tide
618bd999970c43071c7ab14e,MS-Author-Via,tide
618bd999970c43071c7ab14f,3COM_NBX,tide
618bd999970c43071c7ab150,wspx,tide
618bd999970c43071c7ab151,rack-cache,tide
618bd999970c43071c7ab152,Dnnoutputcache,tide
618bd999970c43071c7ab153,Iisexport,tide
618bd999970c43071c7ab154,Oraclea-DMS,tide
618bd999970c43071c7ab155,P3p_enabled,tide
618bd999970c43071c7ab156,X-72e-Nobeian-Transfer,tide
618bd999970c43071c7ab157,ManagedFusion,tide
618bd999970c43071c7ab158,Adblock,tide
618bd999970c43071c7ab159,Blackboard,tide
618bd999970c43071c7ab15a,LiquidGIS,tide
618bd999970c43071c7ab15b,Wp-Super-Cache,tide
618bd999970c43071c7ab15c,pagespeed,tide
618bd999970c43071c7ab15d,Alternate-Protocol,tide
618bd999970c43071c7ab15e,unbouncepages,tide
618bd999970c43071c7ab15f,lemis管理系统,tide
618bd999970c43071c7ab160,OpenSSL,tide
618bd999970c43071c7ab161,mod_bwlimited,tide
618bd999970c43071c7ab162,mod_auth_passthrough,tide
618bd999970c43071c7ab163,FreeboxOS,tide
618bd999970c43071c7ab164,SMA_Sunny_Webbox,tide
618bd999970c43071c7ab165,Wimax_CPE,tide
618bd999970c43071c7ab166,Aethra_Telecommunications_Operating_System,tide
618bd999970c43071c7ab167,Scientific-Atlanta_Cable_Modem,tide
618bd999970c43071c7ab168,rap,tide
618bd999970c43071c7ab169,ZTE_MiFi_UNE,tide
618bd999970c43071c7ab16a,用友商战实践平台,tide
618bd999970c43071c7ab16b,moosefs,tide
618bd999970c43071c7ab16c,AirLink_modem,tide
618bd999970c43071c7ab16d,CCProxy,tide
618bd999970c43071c7ab16e,APC_Management,tide
618bd999970c43071c7ab16f,HuaweiHomeGateway,tide
618bd999970c43071c7ab170,TP-LINK无线路由器,tide
618bd999970c43071c7ab171,蓝盾BDWebGuard,tide
618bd999970c43071c7ab172,护卫神网站安全系统,tide
618bd999970c43071c7ab173,phpDocumentor,tide
618bd999970c43071c7ab174,ColdFusion,tide
618bd999970c43071c7ab175,Adobe_ CQ5,tide
618bd999970c43071c7ab176,Adobe_GoLive,tide
618bd999970c43071c7ab177,Adobe_RoboHelp,tide
618bd999970c43071c7ab178,Amaya,tide
618bd999970c43071c7ab179,PHP-CGI,tide
618bd999970c43071c7ab17a,Synology_NAS,tide
618bd999970c43071c7ab17b,OpenMas,tide
618bd999970c43071c7ab17c,__VIEWSTATE,tide
618bd999970c43071c7ab17d,Chromelogger,tide
618bd999970c43071c7ab17e,Communique,tide
618bd999970c43071c7ab17f,recaptcha,tide
618bd999970c43071c7ab180,IPFire,tide
618bd999970c43071c7ab181,TerraMaster,tide
618bd999970c43071c7ab182,创星伟业校园网群,tide
618bd999970c43071c7ab183,正方教务管理系统,tide
618bd999970c43071c7ab184,UFIDA_NC,tide
618bd999970c43071c7ab185,北创图书检索系统,tide
618bd999970c43071c7ab186,Facebook_insights,tide
618bd999970c43071c7ab187,squarespace建站,tide
618bd999970c43071c7ab188,Bad_Behavior,tide
618bd999970c43071c7ab189,Azure_ARR,tide
618bd999970c43071c7ab18a,Tncms,tide
618bd999970c43071c7ab18b,北京清科锐华CEMIS,tide
618bd999970c43071c7ab18c,RG-PowerCache内容加速系统,tide
618bd999970c43071c7ab18d,dayrui系列产品,tide
618bd999970c43071c7ab18e,Privoxy代理,tide
618bd999970c43071c7ab18f,wordpress_qTranslate,tide
618bd999970c43071c7ab190,sugon_gridview,tide
618bd999970c43071c7ab191,blog_fc2,tide
618bd999970c43071c7ab192,LiteSpeed_Web_Admin_Console,tide
618bd999970c43071c7ab193,SLTM32_Configuration,tide
618bd999970c43071c7ab194,SHOUTcast,tide
618bd999970c43071c7ab195,Piwigo,tide
618bd999970c43071c7ab196,seeyoo广告机,tide
618bd999970c43071c7ab197,milu_seotool,tide
618bd999970c43071c7ab198,Moxa Nport串口服务器,tide
618bd999970c43071c7ab199,CISCO_EPC3925,tide
618bd999970c43071c7ab19a,CASino,tide
618bd999970c43071c7ab19b,metasploit,tide
618bd999970c43071c7ab19c,施耐德_Schneider_PowerLogic_PM800,tide
618bd999970c43071c7ab19d,PowerLogic_ION,tide
618bd999970c43071c7ab19e,HP_iLO(HP_Integrated_Lights-Out),tide
618bd999970c43071c7ab19f,Siemens_CP243-1,tide
618bd999970c43071c7ab1a0,Siemens_SIMATIC,tide
618bd999970c43071c7ab1a1,施耐德Schneider设备,tide
618bd999970c43071c7ab1a2,WindRiver设备,tide
618bd999970c43071c7ab1a3,Schneider_Quantum_140NOE77101,tide
618bd999970c43071c7ab1a4,lynxspring_JENEsys,tide
618bd999970c43071c7ab1a5,Sophos_Web_Appliance,tide
618bd999970c43071c7ab1a6,Comcast_Business,tide
618bd999970c43071c7ab1a7,Moxa_NPort_5150A,tide
618bd999970c43071c7ab1a8,Locus_SolarNOC,tide
618bd999970c43071c7ab1a9,Everything,tide
618bd999970c43071c7ab1aa,honeywell NetAXS,tide
618bd999970c43071c7ab1ab,Symantec Messaging Gateway,tide
618bd999970c43071c7ab1ac,xfinity,tide
618bd999970c43071c7ab1ad,网动云视讯平台,tide
618bd999970c43071c7ab1ae,蓝凌EIS智慧协同平台,tide
618bd999970c43071c7ab1af,金山KingGate,tide
618bd999970c43071c7ab1b0,天融信入侵检测系统TopSentry,tide
618bd999970c43071c7ab1b1,天融信日志收集与分析系统,tide
618bd999970c43071c7ab1b2,天融信WEB应用防火墙,tide
618bd999970c43071c7ab1b3,天融信入侵防御系统TopIDP,tide
618bd999970c43071c7ab1b4,天融信Web应用安全防护系统,tide
618bd999970c43071c7ab1b5,天融信TopFlow,tide
618bd999970c43071c7ab1b6,汉码软件,tide
618bd999970c43071c7ab1b7,凡科,tide
618bd999970c43071c7ab1b8,易分析,tide
618bd999970c43071c7ab1b9,phpems考试系统,tide
618bd999970c43071c7ab1ba,智睿软件,tide
618bd999970c43071c7ab1bb,Apabi数字资源平台,tide
618bd999970c43071c7ab1bc,Fortinet Firewall,tide
618bd999970c43071c7ab1bd,WDlinux,tide
618bd999970c43071c7ab1be,小脑袋,tide
618bd999970c43071c7ab1bf,zkteco公司产品,tide
618bd999970c43071c7ab1c0,天融信ADS管理平台,tide
618bd999970c43071c7ab1c1,天融信异常流量管理与抗拒绝服务系统,tide
618bd999970c43071c7ab1c2,天融信网络审计系统,tide
618bd999970c43071c7ab1c3,天融信脆弱性扫描与管理系统,tide
618bd999970c43071c7ab1c4,AllNewsManager_NET,tide
618bd999970c43071c7ab1c5,google map,tide
618bd999970c43071c7ab1c6,Conn KeepAlive,tide
618bd999970c43071c7ab1c7,Firefox-Spdy,tide
618bd999970c43071c7ab1c8,chunked Encode,tide
618bd999970c43071c7ab1c9,GZIP encode,tide
618bd999970c43071c7ab1ca,Advanced-Image-Hosting-Script,tide
618bd999970c43071c7ab1cb,cpanel.svg,tide
618bd999970c43071c7ab1cc,Embed XML,tide
618bd999970c43071c7ab1cd,Embed JSON,tide
618bd999970c43071c7ab1ce,Adobe-Flash,tide
618bd999970c43071c7ab1cf,AdSubtract proxy,tide
618bd999970c43071c7ab1d0,Adobe Connect,tide
618bd999970c43071c7ab1d1,SNB股票交易软件,tide
618bd999970c43071c7ab1d2,AChecker Web accessibility evaluation tool,tide
618bd999970c43071c7ab1d3,SCADA PLC,tide
618bd999970c43071c7ab1d4,Accellion Secure File Transfer,tide
618bd999970c43071c7ab1d5,RealTime Web ACARS,tide
618bd999970c43071c7ab1d6,Access-Control,tide
618bd999970c43071c7ab1d7,dreambox,tide
618bd999970c43071c7ab1d8,.NET,tide
618bd999970c43071c7ab1d9,美洽 - 在线客服,tide
618bd999970c43071c7ab1da,TQ云呼叫中心,tide
618bd999970c43071c7ab1db,QQ聊天,tide
618bd999970c43071c7ab1dc,中网可信网站权威数据库,tide
618bd999970c43071c7ab1dd,企业版QQ,tide
618bd999970c43071c7ab1de,Icinga,tide
618bd999970c43071c7ab1df,BASIC AUTH,tide
618bd999970c43071c7ab1e0,Huawei Official Site,tide
618bd999970c43071c7ab1e1,RSYNC,tide
618bd999970c43071c7ab1e2,EnableQ,tide
618bd999970c43071c7ab1e3,53客服,tide
618bd999970c43071c7ab1e4,NTLM认证,tide
618bd999970c43071c7ab1e5,Alt-Svc,tide
618bd999970c43071c7ab1e6,phpmoadmin,tide
618bd999970c43071c7ab1e7,Cisco ASA,tide
618bd999970c43071c7ab1e8,Cisco GCT,tide
618bd999970c43071c7ab1e9,Cisco-SX80,tide
618bd999970c43071c7ab1ea,Cisco-VDS,tide
618bd999970c43071c7ab1eb,Servlet,tide
618bd999970c43071c7ab1ec,Cisco IronPort,tide
618bd999970c43071c7ab1ed,Cisco-DLT,tide
618bd999970c43071c7ab1ee,Cisco xSeries,tide
618bd999970c43071c7ab1ef,CISCO ASR,tide
618bd999970c43071c7ab1f0,Cisco-SX20,tide
618bd999970c43071c7ab1f1,Cisco Expert Talks,tide
618bd999970c43071c7ab1f2,Rimes-Cisco,tide
618bd999970c43071c7ab1f3,Cisco VCI,tide
618bd999970c43071c7ab1f4,Cisco Acceleration,tide
618bd999970c43071c7ab1f5,Load Balancer Cisco ACE,tide
618bd999970c43071c7ab1f6,SOMOIDEA,tide
618bd999970c43071c7ab1f7,CC客服,tide
618bd999970c43071c7ab1f8,GWS (Google Web Server),tide
618bd999970c43071c7ab1f9,GAE/google app engine/Google Frontend,tide
618bd999970c43071c7ab1fa,APC-UPS-Management-Card,tide
618bd999970c43071c7ab1fb,Apache-Archiva,tide
618bd999970c43071c7ab1fc,AM4SS,tide
618bd999970c43071c7ab1fd,P3p,tide
618bd999970c43071c7ab1fe,ASPThai_Net-Webboard,tide
618bd999970c43071c7ab1ff,Astaro-Command-Center,tide
618bd999970c43071c7ab200,ASP-Nuke,tide
618bd999970c43071c7ab201,ASProxy,tide
618bd999970c43071c7ab202,ashnews,tide
618bd999970c43071c7ab203,Arab-Portal,tide
618bd999970c43071c7ab204,AppServ,tide
618bd999970c43071c7ab205,VZPP Plesk,tide
618bd999970c43071c7ab206,ApPHP-Calendar,tide
618bd999970c43071c7ab207,BigDump,tide
618bd999970c43071c7ab208,BestShopPro,tide
618bd999970c43071c7ab209,Bentley-Systems-ProjectWise,tide
618bd999970c43071c7ab20a,Barracuda-Load-Balancer,tide
618bd999970c43071c7ab20b,Barracuda-Backup-Server,tide
618bd999970c43071c7ab20c,BackupPC,tide
618bd999970c43071c7ab20d,Axway-SecureTransport,tide
618bd999970c43071c7ab20e,BASE,tide
618bd999970c43071c7ab20f,Basilic,tide
618bd999970c43071c7ab210,Basic-PHP-Events-Lister,tide
618bd999970c43071c7ab211,Axel-Device,tide
618bd999970c43071c7ab212,Avocent-DSView,tide
618bd999970c43071c7ab213,Avaya-IP-Office,tide
618bd999970c43071c7ab214,AV-Arcade,tide
618bd999970c43071c7ab215,Auxilium-PetRatePro,tide
618bd999970c43071c7ab216,AutoIndex-PHP-Script,tide
618bd999970c43071c7ab217,Atomic-Photo-Album,tide
618bd999970c43071c7ab218,ATutor elearning,tide
618bd999970c43071c7ab219,Axis-PrintServer,tide
618bd999970c43071c7ab21b,ZTE-IAD,tide
618bd999970c43071c7ab21c,TeamViewer,tide
618bd999970c43071c7ab21d,HP打印机,tide
618bd999970c43071c7ab21e,BlueQuartz,tide
618bd999970c43071c7ab21f,BlueOnyx,tide
618bd999970c43071c7ab220,BMC-Remedy,tide
618bd999970c43071c7ab221,Blue-Coat-ProxySG,tide
618bd999970c43071c7ab222,BitKeeper,tide
618bd999970c43071c7ab223,BM-Classifieds,tide
618bd999970c43071c7ab224,Citrix-NetScaler,tide
618bd999970c43071c7ab225,Citrix-Metaframe,tide
618bd999970c43071c7ab226,Citrix-ConfProxy,tide
618bd999970c43071c7ab227,Cogent-DataHub,tide
618bd999970c43071c7ab228,CoDeSys-Web-Visualization,tide
618bd999970c43071c7ab229,ClipShare,tide
618bd999970c43071c7ab22a,CGIProxy,tide
618bd999970c43071c7ab22b,CF-Image-Hosting-Script,tide
618bd999970c43071c7ab22c,Censura,tide
618bd999970c43071c7ab22d,CA-SiteMinder,tide
618bd999970c43071c7ab22e,Carrier-CCNWeb,tide
618bd999970c43071c7ab22f,cInvoice,tide
618bd999970c43071c7ab230,Cimplicity-WebView,tide
618bd999970c43071c7ab231,Bomgar,tide
618bd999970c43071c7ab232,Carel-Data-Server,tide
618bd999970c43071c7ab233,cApexWEB,tide
618bd999970c43071c7ab234,CameraLife,tide
618bd999970c43071c7ab235,Calypso-ION-8r-Device,tide
618bd999970c43071c7ab236,CalendarScript,tide
618bd999970c43071c7ab237,Cachelogic-Expired-Domains-Script,tide
618bd999970c43071c7ab238,Burning-Board-Lite,tide
618bd999970c43071c7ab239,Buddy-Zone,tide
618bd999970c43071c7ab23a,Bulletlink-Newspaper-Template,tide
618bd999970c43071c7ab23b,Brother-Printer,tide
618bd999970c43071c7ab23c,BroadWin-WebAccess,tide
618bd999970c43071c7ab23d,Cookies,tide
618bd999970c43071c7ab23e,Content-Security-Policy,tide
618bd999970c43071c7ab23f,Solvonet Device (VoIP),tide
618bd999970c43071c7ab240,Confluence,tide
618bd999970c43071c7ab241,CommuniGate-Pro,tide
618bd999970c43071c7ab242,CoyotePoint-Load-Balancer,tide
618bd999970c43071c7ab243,Daffodil-CRM,tide
618bd999970c43071c7ab244,Cyn_in,tide
618bd999970c43071c7ab245,Cybozu-Garoon,tide
618bd999970c43071c7ab246,Oracle_OPERA,tide
618bd999970c43071c7ab247,DUgallery,tide
618bd999970c43071c7ab248,DublinCore,tide
618bd999970c43071c7ab249,DZCP,tide
618bd999970c43071c7ab24a,DXSock,tide
618bd999970c43071c7ab24b,DVWA,tide
618bd999970c43071c7ab24c,DORG,tide
618bd999970c43071c7ab24d,VOS3000,tide
618bd999970c43071c7ab24e,Elite-Gaming-Ladders,tide
618bd999970c43071c7ab24f,Electro-Industries-GaugeTech,tide
618bd999970c43071c7ab250,Entrans,tide
618bd999970c43071c7ab251,enVision,tide
618bd999970c43071c7ab252,EMS-ENTRY-COM,tide
618bd999970c43071c7ab253,GateQuest-PHP-Site-Recommender,tide
618bd999970c43071c7ab254,Gallarific,tide
618bd999970c43071c7ab255,iframe,tide
618bd999970c43071c7ab256,Facebook-Plugin,tide
618bd999970c43071c7ab257,EZCMS,tide
618bd999970c43071c7ab258,Etano,tide
618bd999970c43071c7ab259,google maps,tide
618bd999970c43071c7ab25a,google api,tide
618bd999970c43071c7ab25b,GeoServer,tide
618bd999970c43071c7ab25c,GeoNode,tide
618bd999970c43071c7ab25d,Help-Desk-Software,tide
618bd999970c43071c7ab25e,GridSite,tide
618bd999970c43071c7ab25f,GenOHM-SCADA,tide
618bd999970c43071c7ab260,Hybrid-Cluster,tide
618bd999970c43071c7ab261,HttpOnly,tide
618bd999970c43071c7ab262,Infomaster,tide
618bd999970c43071c7ab263,Indico,tide
618bd999970c43071c7ab264,Imageview,tide
618bd999970c43071c7ab265,Ikonboard,tide
618bd999970c43071c7ab266,iGiveTest,tide
618bd999970c43071c7ab267,i-Gallery,tide
618bd999970c43071c7ab268,OrientDB,tide
618bd999970c43071c7ab269,Solr,tide
618bd999970c43071c7ab26a,IdeaWebServer,tide
618bd999970c43071c7ab26b,Intrinsyc-deviceWEB,tide
618bd999970c43071c7ab26c,Inout-Adserver,tide
618bd999970c43071c7ab26d,Inktomi-Search,tide
618bd999970c43071c7ab26e,ISC-SCADA-Service,tide
618bd999970c43071c7ab26f,ionCube-Loader,tide
618bd999970c43071c7ab270,ionCube-PHP-Accelerator,tide
618bd999970c43071c7ab271,couchbase,tide
618bd999970c43071c7ab272,Jamroom,tide
618bd999970c43071c7ab273,IWSS-Proxy,tide
618bd999970c43071c7ab274,Juniper-NetScreen-Secure-Access,tide
618bd999970c43071c7ab275,Jcow,tide
618bd999970c43071c7ab276,laravel,tide
618bd999970c43071c7ab277,InvisionPowerBoard,tide
618bd999970c43071c7ab278,thawte_ssl_cert,tide
618bd999970c43071c7ab279,wosign_ssl_cert,tide
618bd999970c43071c7ab27a,webtrust_cert,tide
618bd999970c43071c7ab27b,globalsign_cert,tide
618bd99a970c43071c7ab27c,GeoTrust_cert,tide
618bd99a970c43071c7ab27d,360网站安全检测,tide
618bd99a970c43071c7ab27e,teamportal,tide
618bd99a970c43071c7ab27f,jira,tide
618bd99a970c43071c7ab280,fisheye,tide
618bd99a970c43071c7ab281,VisualSVN,tide
618bd99a970c43071c7ab282,Redmine,tide
618bd99a970c43071c7ab283,Bugzilla,tide
618bd99a970c43071c7ab284,Phabricator,tide
618bd99a970c43071c7ab285,reviewboard,tide
618bd99a970c43071c7ab286,Hudson,tide
618bd99a970c43071c7ab287,Jenkins,tide
618bd99a970c43071c7ab288,testlink,tide
618bd99a970c43071c7ab289,trac,tide
618bd99a970c43071c7ab28a,gitlab,tide
618bd99a970c43071c7ab28b,mantis,tide
618bd99a970c43071c7ab28c,Mercurial,tide
618bd99a970c43071c7ab28d,activeCollab,tide
618bd99a970c43071c7ab28e,Collabtive,tide
618bd99a970c43071c7ab28f,CGI:IRC,tide
618bd99a970c43071c7ab290,Dart-WebServer-Tool,tide
618bd99a970c43071c7ab291,DotA-OpenStats,tide
618bd99a970c43071c7ab292,eLitius,tide
618bd99a970c43071c7ab293,gCards,tide
618bd99a970c43071c7ab294,Gitorious,tide
618bd99a970c43071c7ab295,GpsGate-Server,tide
618bd99a970c43071c7ab296,Icecast,tide
618bd99a970c43071c7ab297,iScripts-ReserveLogic,tide
618bd99a970c43071c7ab298,jobberBase,tide
618bd99a970c43071c7ab299,LuManager,tide
618bd99a970c43071c7ab29a,主机宝,tide
618bd99a970c43071c7ab29b,wdcp管理系统,tide
618bd99a970c43071c7ab29c,LANMP一键安装包,tide
618bd99a970c43071c7ab29d,UPUPW,tide
618bd99a970c43071c7ab29e,wamp,tide
618bd99a970c43071c7ab29f,easypanel,tide
618bd99a970c43071c7ab2a0,awstats_admin,tide
618bd99a970c43071c7ab2a1,awstats,tide
618bd99a970c43071c7ab2a2,uPlusFtp,tide
618bd99a970c43071c7ab2a3,Cactiez,tide
618bd99a970c43071c7ab2a4,Cacti,tide
618bd99a970c43071c7ab2a5,WHM,tide
618bd99a970c43071c7ab2a6,moosefs,tide
618bd99a970c43071c7ab2a7,LUM服务器管理,tide
618bd99a970c43071c7ab2a8,护卫神主机管理,tide
618bd99a970c43071c7ab2a9,cpanel,tide
618bd99a970c43071c7ab2aa,bacula-web,tide
618bd99a970c43071c7ab2ab,Webmin,tide
618bd99a970c43071c7ab2ac,Directadmin,tide
618bd99a970c43071c7ab2ad,Synology_DiskStation,tide
618bd99a970c43071c7ab2ae,Puppet_Node_Manager,tide
618bd99a970c43071c7ab2af,Docker_Daemon,tide
618bd99a970c43071c7ab2b0,CouchDB,tide
618bd99a970c43071c7ab2b1,HFS,tide
618bd99a970c43071c7ab2b2,wdcp,tide
618bd99a970c43071c7ab2b3,Blazix,tide
618bd99a970c43071c7ab2b4,Citrix-XenServer,tide
618bd99a970c43071c7ab2b5,David-WebBox,tide
618bd99a970c43071c7ab2b6,DataflexViNE-VoIP-IAD,tide
618bd99a970c43071c7ab2b7,DSpace,tide
618bd99a970c43071c7ab2b8,dwr,tide
618bd99a970c43071c7ab2b9,Dell-KACE-Appliance,tide
618bd99a970c43071c7ab2ba,DLI-LPC,tide
618bd99a970c43071c7ab2bb,Enhydra-Application-Server,tide
618bd99a970c43071c7ab2bc,GearHost,tide
618bd99a970c43071c7ab2bd,FileMakerPro,tide
618bd99a970c43071c7ab2be,eXtplorer,tide
618bd99a970c43071c7ab2bf,File-Upload-Manager,tide
618bd99a970c43071c7ab2c0,FileNice,tide
618bd99a970c43071c7ab2c1,Glossword,tide
618bd99a970c43071c7ab2c2,HAProxy ,tide
618bd99a970c43071c7ab2c3,HP-System-Management-Homepage,tide
618bd99a970c43071c7ab2c4,IBM-BladeCenter,tide
618bd99a970c43071c7ab2c5,IBM-Web-Traffic-Express-Caching-Proxy,tide
618bd99a970c43071c7ab2c6,IBM-Internet-Connection-Server,tide
618bd99a970c43071c7ab2c7,iLO,tide
618bd99a970c43071c7ab2c8,Internet-Rimon-Filter,tide
618bd99a970c43071c7ab2c9,Internet-Cluster-Manager,tide
618bd99a970c43071c7ab2ca,Isolsoft-Support-Center,tide
618bd99a970c43071c7ab2cb,ISPConfig,tide
618bd99a970c43071c7ab2cc,ispCP-Omega,tide
618bd99a970c43071c7ab2cd,Juniper-Load-Balancer,tide
618bd99a970c43071c7ab2ce,Jigsaw,tide
618bd99a970c43071c7ab2cf,Kleeja,tide
618bd99a970c43071c7ab2d0,Kloxo-Single-Server,tide
618bd99a970c43071c7ab2d1,易瑞授权访问系统,tide
618bd99a970c43071c7ab2d2,MVB2000,tide
618bd99a970c43071c7ab2d3,SonicWALL,tide
618bd99a970c43071c7ab2d4,NetShare_VPN,tide
618bd99a970c43071c7ab2d5,pmway_E4_crm,tide
618bd99a970c43071c7ab2d6,srun3000计费认证系统,tide
618bd99a970c43071c7ab2d7,Dolibarr,tide
618bd99a970c43071c7ab2d8,Parallels Plesk Panel,tide
618bd99a970c43071c7ab2d9,EasyTrace(botwave),tide
618bd99a970c43071c7ab2da,管理易,tide
618bd99a970c43071c7ab2db,亿赛通DLP,tide
618bd99a970c43071c7ab2dc,huawei_auth_server,tide
618bd99a970c43071c7ab2dd,瑞友天翼_应用虚拟化系统 ,tide
618bd99a970c43071c7ab2de,Vmware_vFabric,tide
618bd99a970c43071c7ab2df,ICEFLOW_VPN,tide
618bd99a970c43071c7ab2e0,360企业版,tide
618bd99a970c43071c7ab2e1,用友erp-nc,tide
618bd99a970c43071c7ab2e2,深信服ssl-vpn,tide
618bd99a970c43071c7ab2e3,天融信VPN,tide
618bd99a970c43071c7ab2e4,Array_Networks_VPN,tide
618bd99a970c43071c7ab2e5,天融信防火墙,tide
618bd99a970c43071c7ab2e6,o2security_vpn,tide
618bd99a970c43071c7ab2e7,zabbix,tide
618bd99a970c43071c7ab2e8,juniper_vpn,tide
618bd99a970c43071c7ab2e9,F5_BIGIP,tide
618bd99a970c43071c7ab2ea,CEMIS,tide
618bd99a970c43071c7ab2eb,DI-804HV,tide
618bd99a970c43071c7ab2ec,CCProxy,tide
618bd99a970c43071c7ab2ed,梭子鱼设备,tide
618bd99a970c43071c7ab2ee,Synology_NAS,tide
618bd99a970c43071c7ab2ef,zenoss,tide
618bd99a970c43071c7ab2f0,OpenMas,tide
618bd99a970c43071c7ab2f1,Ultra_Electronics,tide
618bd99a970c43071c7ab2f2,NOALYSS,tide
618bd99a970c43071c7ab2f3,Nagios,tide
618bd99a970c43071c7ab2f4,ALCASAR,tide
618bd99a970c43071c7ab2f5,orocrm,tide
618bd99a970c43071c7ab2f6,Adiscon_LogAnalyzer,tide
618bd99a970c43071c7ab2f7,Munin,tide
618bd99a970c43071c7ab2f8,opennms,tide
618bd99a970c43071c7ab2f9,MRTG,tide
618bd99a970c43071c7ab2fa,元年财务软件,tide
618bd99a970c43071c7ab2fb,UFIDA_NC,tide
618bd99a970c43071c7ab2fc,Webmin,tide
618bd99a970c43071c7ab2fd,锐捷应用控制引擎,tide
618bd99a970c43071c7ab2fe,Storm,tide
618bd99a970c43071c7ab2ff,网神VPN,tide
618bd99a970c43071c7ab300,FortiWeb,tide
618bd99a970c43071c7ab301,Centreon,tide
618bd99a970c43071c7ab302,FortiGuard,tide
618bd99a970c43071c7ab303,PineApp,tide
618bd99a970c43071c7ab304,ntop,tide
618bd99a970c43071c7ab305,CDR-Stats,tide
618bd99a970c43071c7ab306,GenieATM,tide
618bd99a970c43071c7ab307,Spark_Worker,tide
618bd99a970c43071c7ab308,Spark_Master,tide
618bd99a970c43071c7ab309,Kibana,tide
618bd99a970c43071c7ab30a,CISCO_VPN,tide
618bd99a970c43071c7ab30b,UcSTAR,tide
618bd99a970c43071c7ab30c,i@Report,tide
618bd99a970c43071c7ab30d,帕拉迪统一安全管理和综合审计系统,tide
618bd99a970c43071c7ab30e,openEAP,tide
618bd99a970c43071c7ab30f,Dorado,tide
618bd99a970c43071c7ab310,金龙卡金融化一卡通网站查询子系统,tide
618bd99a970c43071c7ab311,一采通,tide
618bd99a970c43071c7ab312,埃森诺网络服务质量检测系统,tide
618bd99a970c43071c7ab313,惠尔顿上网行为管理系统,tide
618bd99a970c43071c7ab314,ACSNO网络探针,tide
618bd99a970c43071c7ab315,绿盟下一代防火墙,tide
618bd99a970c43071c7ab316,用友U8,tide
618bd99a970c43071c7ab317,华为_HUAWEI_SRG1220,tide
618bd99a970c43071c7ab318,华为_HUAWEI_SRG2220,tide
618bd99a970c43071c7ab319,华为_HUAWEI_ASG2100,tide
618bd99a970c43071c7ab31a,华为_HUAWEI_SRG3250,tide
618bd99a970c43071c7ab31b,华为_HUAWEI_ASG2050,tide
618bd99a970c43071c7ab31c,华为（HUAWEI）安全设备,tide
618bd99a970c43071c7ab31d,华为（HUAWEI）Secoway设备,tide
618bd99a970c43071c7ab31e,Fireeye,tide
618bd99a970c43071c7ab31f,网神防火墙,tide
618bd99a970c43071c7ab320,cisco UCM,tide
618bd99a970c43071c7ab321,panabit智能网关,tide
618bd99a970c43071c7ab322,久其通用财表系统,tide
618bd99a970c43071c7ab323,soeasy网站集群系统,tide
618bd99a970c43071c7ab324,畅捷通,tide
618bd99a970c43071c7ab325,科来RAS,tide
618bd99a970c43071c7ab326,科迈RAS系统,tide
618bd99a970c43071c7ab327,单点CRM系统,tide
618bd99a970c43071c7ab328,中国期刊先知网,tide
618bd99a970c43071c7ab329,loyaa信息自动采编系统,tide
618bd99a970c43071c7ab32a,浪潮政务系统,tide
618bd99a970c43071c7ab32b,live800,tide
618bd99a970c43071c7ab32c,悟空CRM,tide
618bd99a970c43071c7ab32d,用友ufida,tide
618bd99a970c43071c7ab32e,金蝶EAS,tide
618bd99a970c43071c7ab32f,金蝶政务GSiS,tide
618bd99a970c43071c7ab330,网御上网行为管理系统,tide
618bd99a970c43071c7ab331,ZKAccess 门禁管理系统,tide
618bd99a970c43071c7ab332,中控智慧考勤管理系统,tide
618bd99a970c43071c7ab333,福富安全基线管理,tide
618bd99a970c43071c7ab334,中控智慧时间安全管理平台,tide
618bd99a970c43071c7ab335,天融信安全管理系统,tide
618bd99a970c43071c7ab336,锐捷 RG-DBS,tide
618bd99a970c43071c7ab337,深信服防火墙类产品,tide
618bd99a970c43071c7ab338,天融信网络卫士过滤网关,tide
618bd99a970c43071c7ab339,天融信网站监测与自动修复系统,tide
618bd99a970c43071c7ab33a,天融信 TopAD,tide
618bd99a970c43071c7ab33b,Apache-Forrest,tide
618bd99a970c43071c7ab33c,Aladdin-HASP-License-Manager,tide
618bd99a970c43071c7ab33d,Advantech-WebAccess,tide
618bd99a970c43071c7ab33e,Cisco VEN401,tide
618bd99a970c43071c7ab33f,Cisco CSS,tide
618bd99a970c43071c7ab340,URP教务系统,tide
618bd99a970c43071c7ab341,H3C公司产品,tide
618bd99a970c43071c7ab342,Huawei HG520 ADSL2+ Router,tide
618bd99a970c43071c7ab343,Huawei B683V,tide
618bd99a970c43071c7ab344,HUAWEI ESPACE 7910,tide
618bd99a970c43071c7ab345,Huawei HG630,tide
618bd99a970c43071c7ab346,Huawei B683,tide
618bd99a970c43071c7ab347,华为 MCU,tide
618bd99a970c43071c7ab348,HUAWEI Inner Web,tide
618bd99a970c43071c7ab349,HUAWEI CSP,tide
618bd99a970c43071c7ab34a,华为 NetOpen,tide
618bd99a970c43071c7ab34b,校园卡管理系统,tide
618bd99a970c43071c7ab34c,OBSERVA telcom,tide
618bd99a970c43071c7ab34d,Cisco小区网络管理系统,tide
618bd99a970c43071c7ab34e,Cisco 8600路由器,tide
618bd99a970c43071c7ab34f,Cisco-ECDS,tide
618bd99a970c43071c7ab350,Cisco-VOS,tide
618bd99a970c43071c7ab351,CISCO-CX20,tide
618bd99a970c43071c7ab352,Cisco-CDS,tide
618bd99a970c43071c7ab353,Cisco AWARE,tide
618bd99a970c43071c7ab354,Cisco-WSA,tide
618bd99a970c43071c7ab355,Cisco UCC,tide
618bd99a970c43071c7ab356,Cisco-MWEB,tide
618bd99a970c43071c7ab357,Cisco XNC,tide
618bd99a970c43071c7ab358,Cisco IOS-XR,tide
618bd99a970c43071c7ab359,汉柏安全网关,tide
618bd99a970c43071c7ab35a,b2evolution,tide
618bd99a970c43071c7ab35b,AvantFAX,tide
618bd99a970c43071c7ab35c,Aurion,tide
618bd99a970c43071c7ab35d,ClientExec,tide
618bd99a970c43071c7ab35e,Clearwell-E-Discovery,tide
618bd99a970c43071c7ab35f,CAStor,tide
618bd99a970c43071c7ab360,Cisco-IP-Phone,tide
618bd99a970c43071c7ab361,Cisco-VPN-3000-Concentrator,tide
618bd99a970c43071c7ab362,Cisco-Adaptive-Security-Appliance,tide
618bd99a970c43071c7ab363,ChiliProject,tide
618bd99a970c43071c7ab364,BugTracker.NET,tide
618bd99a970c43071c7ab365,BugFree,tide
618bd99a970c43071c7ab366,Brother-Fax,tide
618bd99a970c43071c7ab367,ConnectUPS-X,tide
618bd99a970c43071c7ab368,cPassMan,tide
618bd99a970c43071c7ab369,darkstat,tide
618bd99a970c43071c7ab36a,CSCSSM,tide
618bd99a970c43071c7ab36b,Data-ONTAP,tide
618bd99a970c43071c7ab36c,splunk,tide
618bd99a970c43071c7ab36d,Dr-Web-Anti-Virus,tide
618bd99a970c43071c7ab36e,DrugPak,tide
618bd99a970c43071c7ab36f,DMXReady-Portfolio-Manager,tide
618bd99a970c43071c7ab370,Diaspora,tide
618bd99a970c43071c7ab371,Dell-Remote-Access-Controller,tide
618bd99a970c43071c7ab372,eGroupWare,tide
618bd99a970c43071c7ab373,eSyndiCat,tide
618bd99a970c43071c7ab374,Epiware,tide
618bd99a970c43071c7ab375,eMeeting-Online-Dating-Software,tide
618bd99a970c43071c7ab376,Ganglia,tide
618bd99a970c43071c7ab377,FreeNAS,tide
618bd99a970c43071c7ab378,FEX,tide
618bd99a970c43071c7ab379,FestOS,tide
618bd99a970c43071c7ab37a,eTicket,tide
618bd99a970c43071c7ab37b,ethProxy,tide
618bd99a970c43071c7ab37c,FileVista,tide
618bd99a970c43071c7ab37d,Google-Search-Appliance,tide
618bd99a970c43071c7ab37e,Google-Talk-Chatback,tide
618bd99a970c43071c7ab37f,Group-Office,tide
618bd99a970c43071c7ab380,GrandTec-X-Guard,tide
618bd99a970c43071c7ab381,Grandstream-Phone,tide
618bd99a970c43071c7ab382,Flyspray,tide
618bd99a970c43071c7ab383,IBM-CICS-Transaction-Server,tide
618bd99a970c43071c7ab384,HP-StorageWorks-Library,tide
618bd99a970c43071c7ab385,HP-SiteScope,tide
618bd99a970c43071c7ab386,HostBill,tide
618bd99a970c43071c7ab387,IBM-WebSphere-DataPower,tide
618bd99a970c43071c7ab388,IBM-Cognos,tide
618bd99a970c43071c7ab389,iGuard-Security-System,tide
618bd99a970c43071c7ab38a,iPeer,tide
618bd99a970c43071c7ab38b,iTop,tide
618bd99a970c43071c7ab38c,Kayako-SupportSuite,tide
618bd99a970c43071c7ab38d,JXT-Consulting,tide
618bd99a970c43071c7ab38e,Jive-SBS,tide
618bd99a970c43071c7ab38f,蓝讯,tide
618bd99a970c43071c7ab390,网宿,tide
618bd99a970c43071c7ab391,帝联,tide
618bd99a970c43071c7ab392,快网,tide
618bd99a970c43071c7ab393,Webluker,tide
618bd99a970c43071c7ab394,西部数码,tide
618bd99a970c43071c7ab395,gocdn,tide
618bd99a970c43071c7ab396,Powercdn,tide
618bd99a970c43071c7ab397,QingCloud,tide
618bd99a970c43071c7ab398,amazon-cloudfront,tide
618bd99a970c43071c7ab399,Akamai,tide
618bd99a970c43071c7ab39a,MaxCDN ,tide
618bd99a970c43071c7ab39b,Fastly cdn,tide
618bd99a970c43071c7ab39c,jquery官网CDN,tide
618bd99a970c43071c7ab39d,jsdelivr,tide
618bd99a970c43071c7ab39e,cdnjs,tide
618bd99a970c43071c7ab39f,Microsoft Ajax Content Delivery Network,tide
618bd99a970c43071c7ab3a0,Google Hosted Libraries,tide
618bd99a970c43071c7ab3a1,360网站卫士常用前端公共库,tide
618bd99a970c43071c7ab3a2,前端公共库CDN,tide
618bd99a970c43071c7ab3a3,又拍云JS库,tide
618bd99a970c43071c7ab3a4,新浪SAE,tide
618bd99a970c43071c7ab3a5,百度CDN,tide
618bd99a970c43071c7ab3a6,七牛CDN,tide
618bd99a970c43071c7ab3a7,阿里云CDN,tide
618bd99a970c43071c7ab3a8,Bootstrap CDN,tide
618bd99a970c43071c7ab3a9,EdgePrism,tide
618bd99a970c43071c7ab3aa,Sun[tm],tide
618bd99a970c43071c7ab3ab,ZendServer,tide
618bd99a970c43071c7ab3ac,squid,tide
618bd99a970c43071c7ab3ad,JBoss_AS,tide
618bd99a970c43071c7ab3ae,oracle_applicaton_server,tide
618bd99a970c43071c7ab3af,IIS,tide
618bd99a970c43071c7ab3b0,nginx,tide
618bd99a970c43071c7ab3b1,tomcat,tide
618bd99a970c43071c7ab3b2,Apache,tide
618bd99a970c43071c7ab3b3,Tengine,tide
618bd99a970c43071c7ab3b4,IBM_HTTP_Server,tide
618bd99a970c43071c7ab3b5,GSE,tide
618bd99a970c43071c7ab3b6,LiteSpeed,tide
618bd99a970c43071c7ab3b7,Microsoft-HTTPAPI,tide
618bd99a970c43071c7ab3b8,ngx_openresty,tide
618bd99a970c43071c7ab3b9,Zeus,tide
618bd99a970c43071c7ab3ba,Resin,tide
618bd99a970c43071c7ab3bb,Netscape-Enterprise,tide
618bd99a970c43071c7ab3bc,Phusion,tide
618bd99a970c43071c7ab3bd,webrick,tide
618bd99a970c43071c7ab3be,Jetty,tide
618bd99a970c43071c7ab3bf,Sun-ONE-Web-Server,tide
618bd99a970c43071c7ab3c0,Oracle-Application-Server,tide
618bd99a970c43071c7ab3c1,JBoss,tide
618bd99a970c43071c7ab3c2,kangle反向代理,tide
618bd99a970c43071c7ab3c3,Varnish,tide
618bd99a970c43071c7ab3c4,Aicache,tide
618bd99a970c43071c7ab3c5,SJSWS_ OiWS,tide
618bd99a970c43071c7ab3c6,AOLserver,tide
618bd99a970c43071c7ab3c7,Lotus-Domino,tide
618bd99a970c43071c7ab3c8,gunicorn,tide
618bd99a970c43071c7ab3c9,Allegro-Software-RomPager,tide
618bd99a970c43071c7ab3ca,Starlet,tide
618bd99a970c43071c7ab3cb,nginx_admin,tide
618bd99a970c43071c7ab3cc,FortiWeb,tide
618bd99a970c43071c7ab3cd,GlassFish,tide
618bd99a970c43071c7ab3ce,Privoxy,tide
618bd99a970c43071c7ab3cf,东方通应用服务器TongWeb,tide
618bd99a970c43071c7ab3d0,Mbedthis-Appweb,tide
618bd99a970c43071c7ab3d1,lighttpd,tide
618bd99a970c43071c7ab3d2,Cisco IOS,tide
618bd99a970c43071c7ab3d3,Seminole,tide
618bd99a970c43071c7ab3d4,mini_httpd,tide
618bd99a970c43071c7ab3d5,AIDeX,tide
618bd99a970c43071c7ab3d6,IIS10.5,tide
618bd99a970c43071c7ab3d7,IIS10,tide
618bd99a970c43071c7ab3d8,activeWeb-Content-Server,tide
618bd99a970c43071c7ab3d9,ActiveHTML,tide
618bd99a970c43071c7ab3da,Acme embeddable HTTP server,tide
618bd99a970c43071c7ab3db,RomPager Embedded web,tide
618bd99a970c43071c7ab3dc,Abyss,tide
618bd99a970c43071c7ab3dd,4D,tide
618bd99a970c43071c7ab3de,Router Webserver,tide
618bd99a970c43071c7ab3df,PG API Server,tide
618bd99c970c43071c7ab3e0,Tomcat Manager Application,tide
618bd99c970c43071c7ab3e1,GoAhead,tide
618bd99c970c43071c7ab3e2,IIS9.5,tide
618bd99c970c43071c7ab3e3,IIS9.0,tide
618bd99c970c43071c7ab3e4,IIS8.5,tide
618bd99c970c43071c7ab3e5,IIS8.0,tide
618bd99c970c43071c7ab3e6,IIS6.0,tide
618bd99c970c43071c7ab3e7,IIS7.0,tide
618bd99c970c43071c7ab3e8,IIS7.5,tide
618bd99c970c43071c7ab3e9,IIS6.5,tide
618bd99c970c43071c7ab3ea,IIS6,tide
618bd99c970c43071c7ab3eb,IIS5,tide
618bd99c970c43071c7ab3ec,AMR-WinControl,tide
618bd99c970c43071c7ab3ed,SPID HTTP Server,tide
618bd99c970c43071c7ab3ee,Alpha-Five,tide
618bd99c970c43071c7ab3ef,suduserver,tide
618bd99c970c43071c7ab3f0,IX Series,tide
618bd99c970c43071c7ab3f1,Apache-Traffic-Server,tide
618bd99c970c43071c7ab3f2,BadBlue,tide
618bd99c970c43071c7ab3f3,axTLS embad httpd,tide
618bd99c970c43071c7ab3f4,AVTech-Video-Web-Server,tide
618bd99c970c43071c7ab3f5,Avaya-Aura-Utility-Server,tide
618bd99c970c43071c7ab3f6,Atvise-webMI,tide
618bd99c970c43071c7ab3f7,TwistedWeb,tide
618bd99c970c43071c7ab3f8,GoAhead-Webs,tide
618bd99c970c43071c7ab3f9,Boa-WebServer,tide
618bd99c970c43071c7ab3fa,Citrix-Web-PN-Server,tide
618bd99c970c43071c7ab3fb,CL-HTTP,tide
618bd99c970c43071c7ab3fc,CERN,tide
618bd99c970c43071c7ab3fd,CDN-Cache-Server,tide
618bd99c970c43071c7ab3fe,Caudium,tide
618bd99c970c43071c7ab3ff,Cherokee,tide
618bd99c970c43071c7ab400,zope,tide
618bd99c970c43071c7ab401,TornadoServer,tide
618bd99c970c43071c7ab403,Comanche,tide
618bd99c970c43071c7ab404,Covalent-Enterprise-Ready-Server,tide
618bd99c970c43071c7ab405,Easy-File-Sharing-Web-Server,tide
618bd99c970c43071c7ab406,DynaWeb-httpd,tide
618bd99c970c43071c7ab407,Ericsson-TV-Web-Server,tide
618bd99c970c43071c7ab408,epson打印机,tide
618bd99c970c43071c7ab409,Kerio MailServer,tide
618bd99c970c43071c7ab40a,Dell Remote Access Device,tide
618bd99c970c43071c7ab40b,grandstream,tide
618bd99c970c43071c7ab40c,Fujitsu-InfoProvider-Pro,tide
618bd99c970c43071c7ab40d,FrontPage-Personal-Web-Server,tide
618bd99c970c43071c7ab40e,Falcon-Web-Server,tide
618bd99c970c43071c7ab40f,Fizmez-Web-Server,tide
618bd99c970c43071c7ab410,GoServe,tide
618bd99c970c43071c7ab411,gSOAP,tide
618bd99c970c43071c7ab412,Footprint,tide
618bd99c970c43071c7ab413,fnord,tide
618bd99c970c43071c7ab414,iLON-SmartServer,tide
618bd99c970c43071c7ab415,Hyperwave-IS,tide
618bd99c970c43071c7ab416,Http-Explorer,tide
618bd99c970c43071c7ab417,Home-Control-Box,tide
618bd99c970c43071c7ab418,IBM-WebSEAL,tide
618bd99c970c43071c7ab419,Intrasrv,tide
618bd99c970c43071c7ab41a,KeyFocus-WebServer,tide
618bd99c970c43071c7ab41b,Kerio-WebSTAR,tide
618bd99c970c43071c7ab41c,Knopflerfish-HTTP-Server,tide
618bd99c970c43071c7ab41d,Keil-Embedded-WEB-Server,tide
618bd99c970c43071c7ab41e,一启快,tide
618bd99c970c43071c7ab41f,360主机卫士,tide
618bd99c970c43071c7ab420,安全狗,tide
618bd99c970c43071c7ab421,Websecurity_WAF,tide
618bd99c970c43071c7ab422,webray,tide
618bd99c970c43071c7ab423,weidun,tide
618bd99c970c43071c7ab424,安慧网盾,tide
618bd99c970c43071c7ab425,Safe3WAF,tide
618bd99c970c43071c7ab426,AnZuWAF,tide
618bd99c970c43071c7ab427,DnP Firewall,tide
618bd99c970c43071c7ab428,Kerio_WinRoute_Firewall,tide
618bd99c970c43071c7ab429,Dotdefender,tide
618bd99c970c43071c7ab42a,Citrix_Netscaler,tide
618bd99c970c43071c7ab42b,Mod_Security,tide
618bd99c970c43071c7ab42c,PaloAlto_Firewall,tide
618bd99c970c43071c7ab42d,WebKnight,tide
618bd99c970c43071c7ab42e,Sucuri,tide
618bd99c970c43071c7ab42f,梭子鱼防火墙,tide
618bd99c970c43071c7ab430,云锁,tide
618bd99c970c43071c7ab431,USP Secure Entry Server,tide
618bd99c970c43071c7ab432,UrlScan,tide
618bd99c970c43071c7ab433,AppWall,tide
618bd99c970c43071c7ab434,FortiWeb WAF,tide
618bd99c970c43071c7ab435,IBM WebSphere DataPower,tide
618bd99c970c43071c7ab436,Cisco ACE,tide
618bd99c970c43071c7ab437,BlockDos,tide
618bd99c970c43071c7ab438,IndusGuard_WAF,tide
618bd99c970c43071c7ab439,网御WAF,tide
618bd99c970c43071c7ab43a,NSFOCUS_WAF,tide
618bd99c970c43071c7ab43b,斐讯Fortress,tide
618bd99c970c43071c7ab43c,Sophos Web Appliance,tide
618bd99c970c43071c7ab43d,BinarySec-Firewall,tide
618bd99c970c43071c7ab43e,Barracuda-Spam-Firewall,tide
618bd99c970c43071c7ab43f,Citrix-Access-Gateway,tide
618bd99c970c43071c7ab440,Check-Point-SSL-Network-Extender,tide
618bd99c970c43071c7ab441,Datum-TymServe,tide
618bd99c970c43071c7ab442,DeleGate,tide
618bd99c970c43071c7ab443,DnP-Firewall,tide
618bd99c970c43071c7ab444,H3C-SecBlade-FireWall,tide
618bd99c970c43071c7ab445,Kerio-WinRoute-Firewall,tide
618bd99c970c43071c7ab446,锐捷NBR路由器,tide
618bd99c970c43071c7ab447,mikrotik,tide
618bd99c970c43071c7ab448,中兴路由器,tide
618bd99c970c43071c7ab449,h3c路由器,tide
618bd99c970c43071c7ab44a,jcg无线路由器,tide
618bd99c970c43071c7ab44b,Comcast_Business_Gateway,tide
618bd99c970c43071c7ab44c,AirLink_modem,tide
618bd99c970c43071c7ab44d,sagemcom,tide
618bd99c970c43071c7ab44e,ASUS_RTAC66U,tide
618bd99c970c43071c7ab44f,水星MW300R,tide
618bd99c970c43071c7ab450,dlink_DSL_320B,tide
618bd99c970c43071c7ab451,AirTiesRouter,tide
618bd99c970c43071c7ab452,ADTRAN-Device,tide
618bd99c970c43071c7ab453,Adcon Telemetry Gateway,tide
618bd99c970c43071c7ab454,3COM NBX,tide
618bd99c970c43071c7ab455,SITECOM ADSL Model,tide
618bd99c970c43071c7ab456,rosewill RNX-N300RT,tide
618bd99c970c43071c7ab457,ARN01154U4,tide
618bd99c970c43071c7ab458,FW300R,tide
618bd99c970c43071c7ab459,MW4530R,tide
618bd99c970c43071c7ab45a,MAC1200R,tide
618bd99c970c43071c7ab45b,SMC WBR14S-N5,tide
618bd99c970c43071c7ab45c,planet WNRT-617G,tide
618bd99c970c43071c7ab45d,Binatone WR1505N3,tide
618bd99c970c43071c7ab45e,iBall W4GX150N,tide
618bd99c970c43071c7ab45f,Binatone WRN342,tide
618bd99c970c43071c7ab460,Binatone WR3005N3,tide
618bd99c970c43071c7ab461,Planet WNRT-627,tide
618bd99c970c43071c7ab462,iBall WRX300N,tide
618bd99c970c43071c7ab463,Binatone WR1500N,tide
618bd99c970c43071c7ab464,H3C ER2100n,tide
618bd99c970c43071c7ab465,H3C ICG 1000,tide
618bd99c970c43071c7ab466,H3C AM8000,tide
618bd99c970c43071c7ab467,H3C ER8300G2,tide
618bd99c970c43071c7ab468,H3C ER3108GW,tide
618bd99c970c43071c7ab469,H3C ER6300,tide
618bd99c970c43071c7ab46a,H3C ICG1000,tide
618bd99c970c43071c7ab46b,H3C ER3260G2,tide
618bd99c970c43071c7ab46c,H3C ER3108G,tide
618bd99c970c43071c7ab46d,H3C ER2100,tide
618bd99c970c43071c7ab46e,H3C ER3200,tide
618bd99c970c43071c7ab46f,H3C ER8300,tide
618bd99c970c43071c7ab470,H3C ER5200G2,tide
618bd99c970c43071c7ab471,H3C ER6300G2,tide
618bd99c970c43071c7ab472,H3C ER2100V2,tide
618bd99c970c43071c7ab473,H3C ER3260,tide
618bd99c970c43071c7ab474,H3C ER3100,tide
618bd99c970c43071c7ab475,H3C ER5100,tide
618bd99c970c43071c7ab476,H3C ER5200,tide
618bd99c970c43071c7ab477,Linksys WRVS4400N,tide
618bd99c970c43071c7ab478,Linksys WRV54G,tide
618bd99c970c43071c7ab479,Linksys WRT600N,tide
618bd99c970c43071c7ab47a,Linksys WRT600,tide
618bd99c970c43071c7ab47b,LINKSYS WRT54GS,tide
618bd99c970c43071c7ab47c,Linksys WRT54GR,tide
618bd99c970c43071c7ab47d,Linksys WRT54GP2,tide
618bd99c970c43071c7ab47e,Linksys WRT54GL,tide
618bd99c970c43071c7ab47f,Linksys WRT54G,tide
618bd99c970c43071c7ab480,Linksys WRT350N,tide
618bd99c970c43071c7ab481,Linksys WRT300N,tide
618bd99c970c43071c7ab482,LINKSYS WRT270N,tide
618bd99c970c43071c7ab483,linksys wrt160nl,tide
618bd99c970c43071c7ab484,Linksys WRK54G,tide
618bd99c970c43071c7ab485,Linksys WET54G,tide
618bd99c970c43071c7ab486,Linksys WET11,tide
618bd99c970c43071c7ab487,Linksys WCG200,tide
618bd99c970c43071c7ab488,Linksys WAP,tide
618bd99c970c43071c7ab489,Linksys WAP54GP,tide
618bd99c970c43071c7ab48a,Linksys WAP54GPE,tide
618bd99c970c43071c7ab48b,Linksys WAP54G,tide
618bd99c970c43071c7ab48c,Linksys WAP4400N,tide
618bd99c970c43071c7ab48d,Linksys WAP200,tide
618bd99c970c43071c7ab48e,Linksys WAP11,tide
618bd99c970c43071c7ab48f,Linksys WAG54GX2,tide
618bd99c970c43071c7ab490,Linksys WAG54GS,tide
618bd99c970c43071c7ab491,Linksys WAG54GSB,tide
618bd99c970c43071c7ab492,Linksys WAG54G2,tide
618bd99c970c43071c7ab493,Linksys WAG325N,tide
618bd99c970c43071c7ab494,Linksys WAG320N,tide
618bd99c970c43071c7ab495,Linksys WAG300N,tide
618bd99c970c43071c7ab496,Linksys WAG200G,tide
618bd99c970c43071c7ab497,Linksys WAG200GB,tide
618bd99c970c43071c7ab498,Linksys WAG160Nv2,tide
618bd99c970c43071c7ab499,Linksys WAG160Nv2B,tide
618bd99c970c43071c7ab49a,Linksys WAG160N,tide
618bd99c970c43071c7ab49b,Linksys WAG120N,tide
618bd99c970c43071c7ab49c,Linksys VPN,tide
618bd99c970c43071c7ab49d,linksys-vpn,tide
618bd99c970c43071c7ab49e,linksys-vpn-bragap14-parintins,tide
618bd99c970c43071c7ab49f,LINKSYS TG,tide
618bd99c970c43071c7ab4a0,Linksys Teo,tide
618bd99c970c43071c7ab4a1,Linksys-sacz,tide
618bd99c970c43071c7ab4a2,Linksys RVS4000,tide
618bd99c970c43071c7ab4a3,LINKSYS RV082,tide
618bd99c970c43071c7ab4a4,Linksys-RV082,tide
618bd99c970c43071c7ab4a5,linksys-rv042-nr021,tide
618bd99c970c43071c7ab4a6,LINKSYS RV-042,tide
618bd99c970c43071c7ab4a7,linksys rv042,tide
618bd99c970c43071c7ab4a8,Linksys RT31P2,tide
618bd99c970c43071c7ab4a9,LinkSys-RJ,tide
618bd99c970c43071c7ab4aa,Linksys-Queretaro,tide
618bd99c970c43071c7ab4ab,LINKSYS-PLANTA,tide
618bd99c970c43071c7ab4ac,Linksys-Olds,tide
618bd99c970c43071c7ab4ad,linksys-niceveiculos,tide
618bd99c970c43071c7ab4ae,linksys-musashi,tide
618bd99c970c43071c7ab4af,Linksys-Muenster,tide
618bd99c970c43071c7ab4b0,Linksys-MIR,tide
618bd99c970c43071c7ab4b1,LINKSYS-MANRESA,tide
618bd99c970c43071c7ab4b2,linksys-linux,tide
618bd99c970c43071c7ab4b3,Linksys LCAM0336OD,tide
618bd99c970c43071c7ab4b4,Linksys LCAD03VLNOD,tide
618bd99c970c43071c7ab4b5,Linksys LCAD03FLN,tide
618bd99c970c43071c7ab4b6,Linksys LCAB03VLNOD,tide
618bd99c970c43071c7ab4b7,linksys-inbox,tide
618bd99c970c43071c7ab4b8,Linksys-Huelva-5-PedreraTV,tide
618bd99c970c43071c7ab4b9,Linksys-Huelva-3-Telepalma,tide
618bd99c970c43071c7ab4ba,linkSYS-hollos,tide
618bd99c970c43071c7ab4bb,linksys-Hanover,tide
618bd99c970c43071c7ab4bc,Linksys GW,tide
618bd99c970c43071c7ab4bd,Linksys Guests,tide
618bd99c970c43071c7ab4be,Linksys G,tide
618bd99c970c43071c7ab4bf,Linksys gateway,tide
618bd99c970c43071c7ab4c0,Linksys FW,tide
618bd99c970c43071c7ab4c1,Linksys ED55E,tide
618bd99c970c43071c7ab4c2,linksys-ecolub-portal,tide
618bd99c970c43071c7ab4c3,Linksys EA6500v2,tide
618bd99c970c43071c7ab4c4,LINKSYS EA6500,tide
618bd99c970c43071c7ab4c5,Linksys EA4500OQ,tide
618bd99c970c43071c7ab4c6,Linksys EA4500,tide
618bd99c970c43071c7ab4c7,Linksys EA3500,tide
618bd99c970c43071c7ab4c8,Linksys EA2700OQ,tide
618bd99c970c43071c7ab4c9,Linksys EA2700,tide
618bd99c970c43071c7ab4ca,Linksys E900,tide
618bd99c970c43071c7ab4cb,Linksys E4200,tide
618bd99c970c43071c7ab4cc,Linksys E4200EB,tide
618bd99c970c43071c7ab4cd,Linksys E3200,tide
618bd99c970c43071c7ab4ce,LINKSYS-E3000,tide
618bd99c970c43071c7ab4cf,Linksys E3000,tide
618bd99c970c43071c7ab4d0,Linksys E2500,tide
618bd99c970c43071c7ab4d1,Linksys E2100L,tide
618bd99c970c43071c7ab4d2,Linksys E2000,tide
618bd99c970c43071c7ab4d3,Linksys E1550,tide
618bd99c970c43071c7ab4d4,Linksys E1500,tide
618bd99c970c43071c7ab4d5,Linksys E1200,tide
618bd99c970c43071c7ab4d6,Linksys E1000,tide
618bd99c970c43071c7ab4d7,LINKSYS-DISCOVERY,tide
618bd99c970c43071c7ab4d8,LINKSYS-DD-WRT,tide
618bd99c970c43071c7ab4d9,Linksys DD-WRT,tide
618bd99c970c43071c7ab4da,Linksys-CIT400,tide
618bd99c970c43071c7ab4db,Linksys-CENTRAL,tide
618bd99c970c43071c7ab4dc,Linksys BEFW11S4,tide
618bd99c970c43071c7ab4dd,Linksys BEFVP41,tide
618bd99c970c43071c7ab4de,Linksys BEFSX41,tide
618bd99c970c43071c7ab4df,Linksys BEFSR81v3,tide
618bd99c970c43071c7ab4e0,Linksys BEFSR81,tide
618bd99c970c43071c7ab4e1,Linksys BEFSR41v4,tide
618bd99c970c43071c7ab4e2,Linksys BEFSR41v3,tide
618bd99c970c43071c7ab4e3,Linksys BEFSR41,tide
618bd99c970c43071c7ab4e4,Linksys BEFSR41C-JP,tide
618bd99c970c43071c7ab4e5,Linksys BEFSR41/BEFSR11/BEFSRU31,tide
618bd99c970c43071c7ab4e6,Linksys BEFDSR41W,tide
618bd99c970c43071c7ab4e7,linksys-am,tide
618bd99c970c43071c7ab4e8,Linksys 3-SanatPonsa-ONO,tide
618bd99c970c43071c7ab4e9,NETGEAR XWN5021,tide
618bd99c970c43071c7ab4ea,NETGEAR XWN5001,tide
618bd99c970c43071c7ab4eb,NETGEAR XAVN2001v2,tide
618bd99c970c43071c7ab4ec,NETGEAR XAU2511,tide
618bd99c970c43071c7ab4ed,NETGEAR WPNT834,tide
618bd99c970c43071c7ab4ee,NETGEAR WPN824N,tide
618bd99c970c43071c7ab4ef,NETGEAR WNR854T,tide
618bd99c970c43071c7ab4f0,NETGEAR WNR834Bv2,tide
618bd99c970c43071c7ab4f1,Netgear WNR834B,tide
618bd99c970c43071c7ab4f2,NETGEAR WNR618,tide
618bd99c970c43071c7ab4f3,NETGEAR WNR614,tide
618bd99c970c43071c7ab4f4,NETGEAR WNR612v3,tide
618bd99c970c43071c7ab4f5,NETGEAR WNR612v2,tide
618bd99c970c43071c7ab4f6,NETGEAR WNR612ERT,tide
618bd99c970c43071c7ab4f7,NETGEAR WNR500,tide
618bd99c970c43071c7ab4f8,NETGEAR WNR3500v2,tide
618bd99c970c43071c7ab4f9,Netgear WNR3500Lv1,tide
618bd99c970c43071c7ab4fa,Netgear-WNR3500l,tide
618bd99c970c43071c7ab4fb,NETGEAR WNR3500L,tide
618bd99c970c43071c7ab4fc,NETGEAR WNR3500,tide
618bd99c970c43071c7ab4fd,NETGEAR WNR2500,tide
618bd99c970c43071c7ab4fe,NETGEAR wnr2200,tide
618bd99c970c43071c7ab4ff,NETGEAR WNR2020,tide
618bd99c970c43071c7ab500,NETGEAR WNR2000v5,tide
618bd99c970c43071c7ab501,NETGEAR wnr2000v4,tide
618bd99c970c43071c7ab502,NETGEAR wnr2000v3,tide
618bd99c970c43071c7ab503,NETGEAR WNR2000v2,tide
618bd99c970c43071c7ab504,NETGEAR WNR2000,tide
618bd99c970c43071c7ab505,NETGEAR WNR1500,tide
618bd99c970c43071c7ab506,NETGEAR WNR1000v3,tide
618bd99c970c43071c7ab507,NETGEAR WNR1000v2-VC,tide
618bd99c970c43071c7ab508,NETGEAR WNR1000v2,tide
618bd99c970c43071c7ab509,NETGEAR WNR1000,tide
618bd99c970c43071c7ab50a,NetGear WNHD3004v2,tide
618bd99c970c43071c7ab50b,NETGEAR WNHD3004,tide
618bd99c970c43071c7ab50c,NETGEAR WNHD3002G,tide
618bd99c970c43071c7ab50d,NETGEAR WNDR4700,tide
618bd99c970c43071c7ab50e,NETGEAR WNDR4500,tide
618bd99c970c43071c7ab50f,NETGEAR WNDR4300v2,tide
618bd99c970c43071c7ab510,NETGEAR WNDR4300-TN,tide
618bd99c970c43071c7ab511,NETGEAR WNDR4300SW,tide
618bd99c970c43071c7ab512,NETGEAR WNDR4300,tide
618bd99c970c43071c7ab513,NETGEAR WNDR4000,tide
618bd99c970c43071c7ab514,NETGEAR WNDR3800,tide
618bd99c970c43071c7ab515,Netgear WNDR3700v4,tide
618bd99c970c43071c7ab516,NETGEAR WNDR3700v3,tide
618bd99c970c43071c7ab517,NETGEAR WNDR3700v2,tide
618bd99c970c43071c7ab518,NETGEAR WNDR3700,tide
618bd99c970c43071c7ab519,NETGEAR WNDR3600,tide
618bd99c970c43071c7ab51a,NETGEAR WNDR3400v2,tide
618bd99c970c43071c7ab51b,NETGEAR WNDR3400,tide
618bd99c970c43071c7ab51c,NETGEAR WNDR3300,tide
618bd99c970c43071c7ab51d,NETGEAR WN3100RP,tide
618bd99c970c43071c7ab51e,NETGEAR WN3000RPv3,tide
618bd99c970c43071c7ab51f,NETGEAR WN3000RPv2,tide
618bd99c970c43071c7ab520,NETGEAR WN2000RPTv3,tide
618bd99c970c43071c7ab521,NETGEAR WN2000RPTv2,tide
618bd99c970c43071c7ab522,NETGEAR WN2000RPT,tide
618bd99c970c43071c7ab523,NETGEAR WN1000RP,tide
618bd99c970c43071c7ab524,NetGear [WIFI5GHz],tide
618bd99c970c43071c7ab525,NETGEAR WGT624v4,tide
618bd99c970c43071c7ab526,NETGEAR WGR614v9,tide
618bd99c970c43071c7ab527,NETGEAR WGR614v8,tide
618bd99c970c43071c7ab528,NETGEAR WGR614v10,tide
618bd99c970c43071c7ab529,NETGEAR WGR614SS,tide
618bd99c970c43071c7ab52a,Netgear WGR614L,tide
618bd99c970c43071c7ab52b,Netgear WAG302v2,tide
618bd99c970c43071c7ab52c,NETGEAR VVG2000,tide
618bd99c970c43071c7ab52d,NETGEAR VEVG2660,tide
618bd99c970c43071c7ab52e,NETGEAR VEGN2610,tide
618bd99c970c43071c7ab52f,NETGEAR ROUTER,tide
618bd99c970c43071c7ab530,NETGEAR R8300,tide
618bd99c970c43071c7ab531,NETGEAR R7500,tide
618bd99c970c43071c7ab532,NETGEAR R7100LG,tide
618bd99c970c43071c7ab533,NETGEAR R6200v2,tide
618bd99c970c43071c7ab534,NETGEAR R6200,tide
618bd99c970c43071c7ab535,NETGEAR R6100,tide
618bd99c970c43071c7ab536,NETGEAR PS121v2,tide
618bd99c970c43071c7ab537,NETGEAR PLW1010,tide
618bd99c970c43071c7ab538,NETGEAR PLW1000,tide
618bd99c970c43071c7ab539,Netgear Nighthawk,tide
618bd99c970c43071c7ab53a,Netgear N300,tide
618bd99c970c43071c7ab53b,NETGEAR MVBR1210C,tide
618bd99c970c43071c7ab53c,NETGEAR MBRN3000,tide
618bd99c970c43071c7ab53d,NETGEAR MBR624GU,tide
618bd99c970c43071c7ab53e,NETGEAR MBR1517v2,tide
618bd99c970c43071c7ab53f,NETGEAR MBR1516,tide
618bd99c970c43071c7ab540,NETGEAR MBR1515,tide
618bd99c970c43071c7ab541,NETGEAR MBR1310,tide
618bd99c970c43071c7ab542,NETGEAR MBR1210,tide
618bd99c970c43071c7ab543,NETGEAR JWNR2010v5,tide
618bd99c970c43071c7ab544,NETGEAR JWNR2010,tide
618bd99c970c43071c7ab545,NETGEAR JWNR2000v5,tide
618bd99c970c43071c7ab546,NETGEAR JWNR2000v3,tide
618bd99c970c43071c7ab547,NETGEAR JWNR2000v2,tide
618bd99c970c43071c7ab548,NETGEAR JWNR2000Tv3,tide
618bd99c970c43071c7ab549,NETGEAR JWNR2000T,tide
618bd99c970c43071c7ab54a,NETGEAR JNR3300,tide
618bd99c970c43071c7ab54b,NETGEAR JNR3210,tide
618bd99c970c43071c7ab54c,NETGEAR JNR3000,tide
618bd99c970c43071c7ab54d,NETGEAR JNR1010v2,tide
618bd99c970c43071c7ab54e,NETGEAR JNR1010,tide
618bd99c970c43071c7ab54f,NETGEAR JNDR3000,tide
618bd99c970c43071c7ab550,NETGEAR EX2700,tide
618bd99c970c43071c7ab551,NETGEAR EVG2000,tide
618bd99c970c43071c7ab552,Netgear EVG1500,tide
618bd99c970c43071c7ab553,NetGear DVG1000,tide
618bd99c970c43071c7ab554,NETGEAR DST6501,tide
618bd99c970c43071c7ab555,Netgear DM111PUSPv2,tide
618bd99c970c43071c7ab556,NETGEAR DM111PUSP,tide
618bd99c970c43071c7ab557,NETGEAR DM111PSPv2,tide
618bd99c970c43071c7ab558,NETGEAR DM111PSP,tide
618bd99c970c43071c7ab559,NETGEAR DM111P,tide
618bd99c970c43071c7ab55a,NETGEAR DM111,tide
618bd99c970c43071c7ab55b,NETGEAR DGND4000,tide
618bd99c970c43071c7ab55c,NETGEAR DGND3700v2,tide
618bd99c970c43071c7ab55d,NETGEAR DGND3700,tide
618bd99c970c43071c7ab55e,NETGEAR DGND3300,tide
618bd99c970c43071c7ab55f,NETGEAR DGN3500_SSH,tide
618bd99c970c43071c7ab560,NETGEAR DGN3500,tide
618bd99c970c43071c7ab561,NETGEAR DGN3500B,tide
618bd99c970c43071c7ab562,NETGEAR DGN2200v3,tide
618bd99c970c43071c7ab563,NETGEAR DGN2200v2BEZEQ,tide
618bd99c970c43071c7ab564,NETGEAR DGN2200Mv2TELKOM,tide
618bd99c970c43071c7ab565,NETGEAR DGN2200M,tide
618bd99c970c43071c7ab566,NETGEAR DGN2200MB,tide
618bd99c970c43071c7ab567,NETGEAR DGN2200,tide
618bd99c970c43071c7ab568,NETGEAR DGN2200Bv3,tide
618bd99c970c43071c7ab569,NETGEAR DGN2000,tide
618bd99c970c43071c7ab56a,NETGEAR DGN2000B,tide
618bd99c970c43071c7ab56b,NETGEAR DGN1000v3,tide
618bd99c970c43071c7ab56c,Netgear DGN1000SP,tide
618bd99c970c43071c7ab56d,NETGEAR DGN1000,tide
618bd99c970c43071c7ab56e,NETGEAR DGN1000B,tide
618bd99c970c43071c7ab56f,NETGEAR DG834PN,tide
618bd99c970c43071c7ab570,NETGEAR DG834PNB,tide
618bd99c970c43071c7ab571,NETGEAR DG834N,tide
618bd99c970c43071c7ab572,NETGEAR DG834NBv2,tide
618bd99c970c43071c7ab573,NETGEAR DG834,tide
618bd99c970c43071c7ab574,NETGEAR DG834GV,tide
618bd99c970c43071c7ab575,NETGEAR DG834Gv5,tide
618bd99c970c43071c7ab576,NETGEAR DG834GUv5,tide
618bd99c970c43071c7ab577,NETGEAR DG834GT,tide
618bd99c970c43071c7ab578,NETGEAR DG834GTB,tide
618bd99c970c43071c7ab579,NETGEAR DG834GL,tide
618bd99c970c43071c7ab57a,NETGEAR DG834(G),tide
618bd99c970c43071c7ab57b,Netgear DG834G,tide
618bd99c970c43071c7ab57c,NETGEAR DG834GB,tide
618bd99c970c43071c7ab57d,NetGear DD-wrt,tide
618bd99c970c43071c7ab57e,NETGEAR DC112A,tide
618bd99c970c43071c7ab57f,NETGEAR D8500,tide
618bd99c970c43071c7ab580,NETGEAR D6220,tide
618bd99c970c43071c7ab581,NETGEAR D6200,tide
618bd99c970c43071c7ab582,NETGEAR D500,tide
618bd99c970c43071c7ab583,NETGEAR D1500,tide
618bd99c970c43071c7ab584,Netgear CWGE111,tide
618bd99c970c43071c7ab585,NETGEAR CG3700EMR-1CMNDS,tide
618bd99c970c43071c7ab586,NETGEAR C7000-100NAS,tide
618bd99c970c43071c7ab587,NETGEAR C6250-100NAS,tide
618bd99c970c43071c7ab588,NETGEAR C3000-100NAS,tide
618bd99c970c43071c7ab589,NETGEAR AC1450,tide
618bd99c970c43071c7ab58a,dlink,tide
618bd99c970c43071c7ab58b,NETGEAR WNDR3700v5,tide
618bd99c970c43071c7ab58c,NETGEAR R6050,tide
618bd99c970c43071c7ab58d,NETGEAR C6300,tide
618bd99c970c43071c7ab58e,NETGEAR WNR3500Lv2,tide
618bd99c970c43071c7ab58f,NETGEAR C3700-100NAS,tide
618bd99c970c43071c7ab590,NETGEAR DGN2200Bv4,tide
618bd99c970c43071c7ab591,NETGEAR WNDR4500v2,tide
618bd99c970c43071c7ab592,NETGEAR D6400,tide
618bd99c970c43071c7ab593,NETGEAR R6300,tide
618bd99c970c43071c7ab594,NETGEAR R6700,tide
618bd99c970c43071c7ab595,NETGEAR R7300,tide
618bd99c970c43071c7ab596,NETGEAR R6300v2,tide
618bd99c970c43071c7ab597,NETGEAR D6300,tide
618bd99c970c43071c7ab598,NETGEAR JR6150,tide
618bd99c970c43071c7ab599,NETGEAR R6900,tide
618bd99c970c43071c7ab59a,NETGEAR WNR1000v4,tide
618bd99c970c43071c7ab59b,NETGEAR R6220,tide
618bd99c970c43071c7ab59c,NETGEAR R6400,tide
618bd99c970c43071c7ab59d,NETGEAR R6250,tide
618bd99c970c43071c7ab59e,NETGEAR R8500,tide
618bd99c970c43071c7ab59f,NETGEAR R7000,tide
618bd99c970c43071c7ab5a0,NETGEAR R7900,tide
618bd99c970c43071c7ab5a1,NETGEAR DGN2200v4,tide
618bd99c970c43071c7ab5a2,NETGEAR R8000,tide
618bd99c970c43071c7ab5a3,NETGEAR WNDR3400v3,tide
618bd99c970c43071c7ab5a4,NETGEAR产品,tide
618bd99c970c43071c7ab5a5,NETCORE NR255P,tide
618bd99c970c43071c7ab5a6,NETCORE NR255G,tide
618bd99c970c43071c7ab5a7,NETCORE NR238,tide
618bd99c970c43071c7ab5a8,NETCORE NR235P,tide
618bd99c970c43071c7ab5a9,NETCORE NR285P,tide
618bd99c970c43071c7ab5aa,NETCORE NR285G,tide
618bd99c970c43071c7ab5ab,磊科产品,tide
618bd99c970c43071c7ab5ac,DHT_802.11N_Router,tide
618bd99c970c43071c7ab5ad,UBNT_UniFi系列路由,tide
618bd99c970c43071c7ab5ae,AnyGate,tide
618bd99c970c43071c7ab5af,Asterisk,tide
618bd99c970c43071c7ab5b0,Astaro-Security-Gateway,tide
618bd99c970c43071c7ab5b1,Aruba-Device,tide
618bd99c970c43071c7ab5b2,ARRIS-Touchstone-Router,tide
618bd99c970c43071c7ab5b3,AP-Router,tide
618bd99c970c43071c7ab5b4,Billion-Router,tide
618bd99c970c43071c7ab5b5,Belkin-Modem,tide
618bd99c970c43071c7ab5b6,Axentra-HipServ,tide
618bd99c970c43071c7ab5b7,Avaya-Secure-Router,tide
618bd99c970c43071c7ab5b8,Dell OpenManage Switch Administrator,tide
618bd99c970c43071c7ab5b9,Huawei SmartAX,tide
618bd99c970c43071c7ab5ba,TP-LINK Wireless WR641G,tide
618bd99c970c43071c7ab5bb,TP-LINK Wireless WR641G/642G,tide
618bd99c970c43071c7ab5bc,TP-LINK Wireless WR543G,tide
618bd99c970c43071c7ab5bd,TP-LINK Wireless WR542G,tide
618bd99c970c43071c7ab5be,TP-LINK Wireless WR541G,tide
618bd99c970c43071c7ab5bf,TP-LINK Wireless WR541G/542G,tide
618bd99c970c43071c7ab5c0,TP-LINK Wireless WR340G+,tide
618bd99c970c43071c7ab5c1,TP-LINK Wireless WR340G,tide
618bd99c970c43071c7ab5c2,TP-LINK Wireless WR245,tide
618bd99c970c43071c7ab5c3,TP-LINK Wireless WA865RE,tide
618bd99c970c43071c7ab5c4,TP-LINK Wireless WA860RE,tide
618bd99c970c43071c7ab5c5,TP-LINK Wireless WA854RE,tide
618bd99c970c43071c7ab5c6,TP-LINK Wireless WA850RE,tide
618bd99c970c43071c7ab5c7,TP-LINK Wireless WA750RE,tide
618bd99c970c43071c7ab5c8,TP-LINK Wireless WR941N,tide
618bd99c970c43071c7ab5c9,TP-LINK Wireless WR941ND,tide
618bd99c970c43071c7ab5ca,TP-LINK Wireless WR941N/942N,tide
618bd99c970c43071c7ab5cb,TP-LINK Wireless WR940N,tide
618bd99c970c43071c7ab5cc,TP-LINK Wireless WR881N,tide
618bd99c970c43071c7ab5cd,TP-LINK Wireless WR880N,tide
618bd99c970c43071c7ab5ce,TP-LINK Wireless WR847N,tide
618bd99c970c43071c7ab5cf,TP-LINK Wireless WR846N,tide
618bd99c970c43071c7ab5d0,TP-LINK Wireless WR845N,tide
618bd99c970c43071c7ab5d1,TP-LINK Wireless WR843ND,tide
618bd99c970c43071c7ab5d2,TP-LINK Wireless WR842N,tide
618bd99c970c43071c7ab5d3,TP-LINK Wireless WR842ND,tide
618bd99c970c43071c7ab5d4,TP-LINK Wireless WR841N/WR841ND,tide
618bd99c970c43071c7ab5d5,TP-LINK Wireless WR841HP,tide
618bd99c970c43071c7ab5d6,TP-LINK Wireless WR840N,tide
618bd99c970c43071c7ab5d7,TP-LINK Wireless WR745N,tide
618bd99c970c43071c7ab5d8,TP-LINK Wireless WR742N,tide
618bd99c970c43071c7ab5d9,TP-LINK Wireless WR700N,tide
618bd99c970c43071c7ab5da,TP-LINK Wireless WR2041N,tide
618bd99c970c43071c7ab5db,TP-LINK Wireless WR2041+,tide
618bd99c970c43071c7ab5dc,TP-LINK Wireless WR1041N,tide
618bd99c970c43071c7ab5dd,TP-LINK Wireless TL-WR940N/WR941ND,tide
618bd99c970c43071c7ab5de,TP-LINK Wireless TL-WR841N,tide
618bd99c970c43071c7ab5df,TP-LINK Wireless WA832RE,tide
618bd99c970c43071c7ab5e0,TP-LINK Wireless WA830RE,tide
618bd99c970c43071c7ab5e1,TP-LINK Wireless WR802N,tide
618bd99c970c43071c7ab5e2,TP-LINK Wireless WR702N,tide
618bd99c970c43071c7ab5e3,TP-LINK Wireless WR2543N,tide
618bd99c970c43071c7ab5e4,TP-LINK Wireless WR2543ND,tide
618bd99c970c43071c7ab5e5,TP-LINK Wireless WR1045ND,tide
618bd99c970c43071c7ab5e6,TP-LINK Wireless WR1043N,tide
618bd99c970c43071c7ab5e7,TP-LINK Wireless WR1043ND,tide
618bd99c970c43071c7ab5e8,TP-LINK Wireless WR1042ND,tide
618bd99c970c43071c7ab5e9,TP-LINK Wireless WR841N,tide
618bd99c970c43071c7ab5ea,TP-LINK Wireless WA901N,tide
618bd99c970c43071c7ab5eb,TP-LINK Wireless WA901ND,tide
618bd99c970c43071c7ab5ec,TP-LINK Wireless WA805N,tide
618bd99c970c43071c7ab5ed,TP-LINK Wireless WA801N,tide
618bd99c970c43071c7ab5ee,TP-LINK Wireless WA801ND,tide
618bd99c970c43071c7ab5ef,TP-LINK Wireless WA701ND,tide
618bd99c970c43071c7ab5f0,TP-LINK Wireless WR843N,tide
618bd99c970c43071c7ab5f1,TP-LINK Wireless MR3420,tide
618bd99c970c43071c7ab5f2,TP-LINK Wireless WR749N,tide
618bd99c970c43071c7ab5f3,TP-LINK Wireless WR747N,tide
618bd99c970c43071c7ab5f4,TP-LINK Wireless WR743ND,tide
618bd99c970c43071c7ab5f5,TP-LINK Wireless WR741N,tide
618bd99c970c43071c7ab5f6,TP-LINK Wireless WR741ND,tide
618bd99c970c43071c7ab5f7,TP-LINK Wireless WR741N/742N,tide
618bd99c970c43071c7ab5f8,TP-LINK Wireless WR740N/WR741ND,tide
618bd99c970c43071c7ab5f9,TP-LINK Wireless WR740N,tide
618bd99c970c43071c7ab5fa,TP-LINK Wireless WA7510N,tide
618bd99c970c43071c7ab5fb,TP-LINK Wireless WA730RE,tide
618bd99c970c43071c7ab5fc,TP-LINK Wireless WA701N,tide
618bd99c970c43071c7ab5fd,TP-LINK Wireless MR3220,tide
618bd99c970c43071c7ab5fe,TP-LINK Wireless G WR340G,tide
618bd99c970c43071c7ab5ff,TP-LINK Wireless WDR6510,tide
618bd99c970c43071c7ab600,TP-LINK Wireless WDR6500,tide
618bd99c970c43071c7ab601,TP-LINK Wireless WDR6300,tide
618bd99c970c43071c7ab602,TP-LINK Wireless WDR5510,tide
618bd99c970c43071c7ab603,TP-LINK Wireless WDR5300,tide
618bd99c970c43071c7ab604,TP-LINK Wireless WDR3500,tide
618bd99c970c43071c7ab605,TP-LINK Wireless WDR3320,tide
618bd99c970c43071c7ab606,TP-LINK Wireless WDR3300,tide
618bd99c970c43071c7ab607,TP-LINK Wireless WDR7500,tide
618bd99c970c43071c7ab608,TP-LINK Wireless WDR4900,tide
618bd99c970c43071c7ab609,TP-LINK Wireless WDR4310/WDR4320,tide
618bd99c970c43071c7ab60a,TP-LINK Wireless WDR4310,tide
618bd99c970c43071c7ab60b,TP-LINK Wireless WDR4300,tide
618bd99c970c43071c7ab60c,TP-LINK Wireless WDR3600,tide
618bd99c970c43071c7ab60d,TP-LINK Wireless AP WR800N,tide
618bd99c970c43071c7ab60e,TP-LINK Wireless AP WR710N,tide
618bd99c970c43071c7ab60f,TP-LINK Wireless AP WR706N,tide
618bd99c970c43071c7ab610,TP-LINK Wireless AP WR702N,tide
618bd99c970c43071c7ab611,TP-LINK Wireless AP WR700N,tide
618bd99c970c43071c7ab612,TP-LINK Wireless AP WA601G,tide
618bd99c970c43071c7ab613,TP-LINK Wireless AP WA5210G,tide
618bd99c970c43071c7ab614,TP-LINK Wireless AP WA5110G,tide
618bd99c970c43071c7ab615,TP-LINK Wireless AP WA501G,tide
618bd99c970c43071c7ab616,TP-LINK Wireless AP WA500G,tide
618bd99c970c43071c7ab617,TP-Link WDR4300,tide
618bd99c970c43071c7ab618,TP-LINK VPR400VPN,tide
618bd99c970c43071c7ab619,TP-Link TL-WR941Nv3,tide
618bd99c970c43071c7ab61a,TP-Link TL-WR941N,tide
618bd99c970c43071c7ab61b,TP-Link TL-WR842ND v1,tide
618bd99c970c43071c7ab61c,TP-Link TL-WR841N,tide
618bd99c970c43071c7ab61d,TP-Link TL-WR841ND v9,tide
618bd99c970c43071c7ab61e,TP-Link TL-WR841ND v8,tide
618bd99c970c43071c7ab61f,TP-Link TL-WR841ND,tide
618bd99c970c43071c7ab620,TP-Link TL-WR741N,tide
618bd99c970c43071c7ab621,TP-Link TL-WR740Nv2,tide
618bd99c970c43071c7ab622,TP-Link TL-WR740N,tide
618bd99c970c43071c7ab623,TP-LINK TL-WR2543ND,tide
618bd99c970c43071c7ab624,TP-Link TL-WR1043ND,tide
618bd99c970c43071c7ab625,TP-LINK SOHO R860,tide
618bd99c970c43071c7ab626,TP-LINK SOHO R410v2.5,tide
618bd99c970c43071c7ab627,TP-LINK SOHO R406,tide
618bd99c970c43071c7ab628,TP-LINK SOHO R402M,tide
618bd99c970c43071c7ab629,TP-LINK SOHO R402,tide
618bd99c970c43071c7ab62a,TP-LINK TL-R1660+,tide
618bd99c970c43071c7ab62b,TP-LINK R860,tide
618bd99c970c43071c7ab62c,TP-LINK R860/860M,tide
618bd99c970c43071c7ab62d,TP-LINK R760+,tide
618bd99c970c43071c7ab62e,TP-LINK R498T+,tide
618bd99c970c43071c7ab62f,TP-LINK R490T,tide
618bd99c970c43071c7ab630,TP-LINK R490,tide
618bd99c970c43071c7ab631,TP-LINK R488T,tide
618bd99c970c43071c7ab632,TP-LINK R488,tide
618bd99c970c43071c7ab633,TP-LINK R483,tide
618bd99c970c43071c7ab634,TP-LINK R480T,tide
618bd99c970c43071c7ab635,TP-LINK R480T+,tide
618bd99c970c43071c7ab636,TP-LINK R480+,tide
618bd99c970c43071c7ab637,TP-LINK R480,tide
618bd99c970c43071c7ab638,TP-LINK R480E,tide
618bd99c970c43071c7ab639,TP-LINK R478+,tide
618bd99c970c43071c7ab63a,TP-LINK R478,tide
618bd99c970c43071c7ab63b,TP-LINK R473,tide
618bd99c970c43071c7ab63c,TP-LINK R470T+,tide
618bd99c970c43071c7ab63d,TP-LINK R470,tide
618bd99c970c43071c7ab63e,TP-LINK R460+,tide
618bd99c970c43071c7ab63f,TP-LINK R460,tide
618bd99c970c43071c7ab640,TP-LINK R4419,tide
618bd99c970c43071c7ab641,TP-LINK R4299G,tide
618bd99c970c43071c7ab642,TP-LINK R4239,tide
618bd99c970c43071c7ab643,TP-LINK R4238,tide
618bd99c970c43071c7ab644,TP-LINK R4199G,tide
618bd99c970c43071c7ab645,TP-LINK R4149,tide
618bd99c970c43071c7ab646,TP-LINK R4148,tide
618bd99c970c43071c7ab647,TP-LINK R410+,tide
618bd99c970c43071c7ab648,TP-LINK R410,tide
618bd99c970c43071c7ab649,TP-LINK R4000,tide
618bd99c970c43071c7ab64a,TP-LINK R1660M,tide
618bd99c970c43071c7ab64b,TP-LINK R1660+,tide
618bd99c970c43071c7ab64c,TP-LINK WR841N,tide
618bd99c970c43071c7ab64d,TP-LINK WR741N,tide
618bd99c970c43071c7ab64e,TP-LINK WR741ND,tide
618bd99c970c43071c7ab64f,TP-LINK WR740N,tide
618bd99c970c43071c7ab650,TP-LINK WR820N,tide
618bd99c970c43071c7ab651,TP-LINK WR720N,tide
618bd99c970c43071c7ab652,TP-LINK WR703N,tide
618bd99c970c43071c7ab653,TP-LINK MR13U,tide
618bd99c970c43071c7ab654,TP-LINK 3G MR12U,tide
618bd99c970c43071c7ab655,TP-LINK MR3040,tide
618bd99c970c43071c7ab656,TP-LINK MR3020,tide
618bd99c970c43071c7ab657,TP-LINK WA7210N,tide
618bd99c970c43071c7ab658,TP-LINK TD-W8980,tide
618bd99c970c43071c7ab659,TP-LINK WR842ND,tide
618bd99c970c43071c7ab65a,TP-LINK MR6400,tide
618bd99c970c43071c7ab65b,TP-LINK Gigabit Broadband VPR600VPN,tide
618bd99c970c43071c7ab65c,TP-LINK Firewall FR5300,tide
618bd99c970c43071c7ab65d,TP-Link DD-WRT,tide
618bd99c970c43071c7ab65e,TP-Link DD-WRT Bridge,tide
618bd99c970c43071c7ab65f,TP-LINK TL-WPA4530,tide
618bd99c970c43071c7ab660,TP-LINK H5R,tide
618bd99c970c43071c7ab661,TP-LINK  TL-WPA8630,tide
618bd99c970c43071c7ab662,TP-LINK TD-W89841N,tide
618bd99c970c43071c7ab663,TP-LINK TD-W89741N,tide
618bd99c970c43071c7ab664,TP-LINK TD-W89541G,tide
618bd99c970c43071c7ab665,TP-LINK TD-89402,tide
618bd99c970c43071c7ab666,TP-LINK TD-8840T,tide
618bd99c970c43071c7ab667,TP-LINK AC750,tide
618bd99c970c43071c7ab668,TP-LINK AC1900,tide
618bd99c970c43071c7ab669,TP-LINK AC1750,tide
618bd99c970c43071c7ab66a,TP-LINK AC1200,tide
618bd99c970c43071c7ab66b,TP-LINK 941,tide
618bd99c970c43071c7ab66c,TP-Link 842 ND,tide
618bd99c970c43071c7ab66d,TP-Link 740N,tide
618bd99c970c43071c7ab66e,TP-Link 3600 DD-WRT,tide
618bd99c970c43071c7ab66f,TP-LINK TD-VG3631,tide
618bd99c970c43071c7ab670,TP-LINK TD-W8968,tide
618bd99c970c43071c7ab671,TP-LINK TD865W(TDP),tide
618bd99c970c43071c7ab672,TP-LINK TD-W8970,tide
618bd99c970c43071c7ab673,TP-LINK TL-WR841HP,tide
618bd99c970c43071c7ab674,TP-LINK TD-VG3511,tide
618bd99c970c43071c7ab675,TP-LINK WR710N,tide
618bd99c970c43071c7ab676,EDIMAX,tide
618bd99c970c43071c7ab677,eBuilding-Network-Controller,tide
618bd99c970c43071c7ab678,Funkwerk-Gateway,tide
618bd99c970c43071c7ab679,ExtremeWare,tide
618bd99c970c43071c7ab67a,FITELnet-Router,tide
618bd99c970c43071c7ab67b,Hughes-Satellite-Router,tide
618bd99c970c43071c7ab67c,Huawei-Quidway-Switch,tide
618bd99c970c43071c7ab67d,HP-ProCurve-Switch,tide
618bd99c970c43071c7ab67e,Infinet-Wireless-WANFleX-Router,tide
618bd99c970c43071c7ab67f,ICOM-Router,tide
618bd99c970c43071c7ab680,Intoto-Router,tide
618bd99c970c43071c7ab681,ipTIME-Router,tide
618bd99c970c43071c7ab682,I-O-DATA-Router,tide
618bd99c970c43071c7ab683,phpshe,tide
618bd99c970c43071c7ab684,ThinkSAAS,tide
618bd99c970c43071c7ab685,e-tiller,tide
618bd99c970c43071c7ab686,DouPHP,tide
618bd99c970c43071c7ab687,twcms,tide
618bd99c970c43071c7ab688,SiteServer,tide
618bd99c970c43071c7ab689,Joomla,tide
618bd99c970c43071c7ab68a,HDWiki,tide
618bd99c970c43071c7ab68b,kesionCMS,tide
618bd99c970c43071c7ab68c,CMSTop,tide
618bd99c970c43071c7ab68d,ESPCMS,tide
618bd99c970c43071c7ab68e,74cms,tide
618bd99c970c43071c7ab68f,Foosun,tide
618bd99c970c43071c7ab690,PhpCMS,tide
618bd99c970c43071c7ab691,Drupal,tide
618bd99c970c43071c7ab692,cmseasy,tide
618bd99c970c43071c7ab693,wordpress,tide
618bd99c970c43071c7ab694,DedeCMS,tide
618bd99c970c43071c7ab695,ASPCMS,tide
618bd99c970c43071c7ab696,MetInfo,tide
618bd99c970c43071c7ab697,Npoint,tide
618bd99c970c43071c7ab698,小蚂蚁,tide
618bd99c970c43071c7ab699,捷点JCMS,tide
618bd99c970c43071c7ab69a,帝国EmpireCMS,tide
618bd99c970c43071c7ab69b,JEECMS,tide
618bd99c970c43071c7ab69c,emlog,tide
618bd99c970c43071c7ab69d,IdeaCMS,tide
618bd99c970c43071c7ab69e,TCCMS,tide
618bd99c970c43071c7ab69f,DIYWAP,tide
618bd99c970c43071c7ab6a0,supesite,tide
618bd99c970c43071c7ab6a1,webplus,tide
618bd99c970c43071c7ab6a2,Dolibarr,tide
618bd99c970c43071c7ab6a3,iAPPS,tide
618bd99c970c43071c7ab6a4,Liferay,tide
618bd99c970c43071c7ab6a5,Telerik Sitefinity,tide
618bd99c970c43071c7ab6a6,PageAdmin,tide
618bd99c970c43071c7ab6a7,sdcms,tide
618bd99c970c43071c7ab6a8,EnterCRM,tide
618bd99c970c43071c7ab6a9,易普拉格科研管理系统,tide
618bd99c970c43071c7ab6aa,苏亚星校园管理系统,tide
618bd99c970c43071c7ab6ab,313自助建站,tide
618bd99c970c43071c7ab6ac,trs_wcm,tide
618bd99c970c43071c7ab6ad,we7,tide
618bd99d970c43071c7ab6ae,1024cms,tide
618bd99d970c43071c7ab6af,360webfacil_360WebManager,tide
618bd99d970c43071c7ab6b0,6kbbs,tide
618bd99d970c43071c7ab6b1,ABO_CMS,tide
618bd99d970c43071c7ab6b2,Acidcat_CMS,tide
618bd99d970c43071c7ab6b3,bit-service,tide
618bd99d970c43071c7ab6b4,云因网上书店,tide
618bd99d970c43071c7ab6b5,DotNetNuke,tide
618bd99d970c43071c7ab6b6,plone,tide
618bd99d970c43071c7ab6b7,Kooboocms,tide
618bd99d970c43071c7ab6b8,unknown_cms,tide
618bd99d970c43071c7ab6b9,unknown_cms_rcms,tide
618bd99d970c43071c7ab6ba,MediaWiki,tide
618bd99d970c43071c7ab6bb,Typecho,tide
618bd99d970c43071c7ab6bc,Z-Blog,tide
618bd99d970c43071c7ab6bd,Z-BlogPHP,tide
618bd99d970c43071c7ab6be,EleanorCMS,tide
618bd99d970c43071c7ab6bf,BitrixSiteManager,tide
618bd99d970c43071c7ab6c0,FOXI BIZzz,tide
618bd99d970c43071c7ab6c1,BPanelCMS,tide
618bd99d970c43071c7ab6c2,SubrionCMS,tide
618bd99d970c43071c7ab6c3,WMSN,tide
618bd99d970c43071c7ab6c4,TwilightCMS,tide
618bd99d970c43071c7ab6c5,TechartCMS,tide
618bd99d970c43071c7ab6c6,2z project,tide
618bd99d970c43071c7ab6c7,phpDocumentor,tide
618bd99d970c43071c7ab6c8,微门户,tide
618bd99d970c43071c7ab6c9,Osclass,tide
618bd99d970c43071c7ab6ca,webEdition,tide
618bd99d970c43071c7ab6cb,orocrm,tide
618bd99d970c43071c7ab6cc,创星伟业校园网群,tide
618bd99d970c43071c7ab6cd,BoyowCMS,tide
618bd99d970c43071c7ab6ce,正方教务管理系统,tide
618bd99d970c43071c7ab6cf,UFIDA_NC,tide
618bd99d970c43071c7ab6d0,phpweb,tide
618bd99d970c43071c7ab6d1,weebly,tide
618bd99d970c43071c7ab6d2,地平线CMS,tide
618bd99d970c43071c7ab6d3,HIMS酒店云计算服务,tide
618bd99d970c43071c7ab6d4,Tipask,tide
618bd99d970c43071c7ab6d5,北创图书检索系统,tide
618bd99d970c43071c7ab6d6,squarespace建站,tide
618bd99d970c43071c7ab6d7,微普外卖点餐系统,tide
618bd99d970c43071c7ab6d8,逐浪zoomla,tide
618bd99d970c43071c7ab6d9,Zikula_CMS,tide
618bd99d970c43071c7ab6da,mozartframework,tide
618bd99d970c43071c7ab6db,UMI.CMS,tide
618bd99d970c43071c7ab6dc,EasywebCMS,tide
618bd99d970c43071c7ab6dd,synkronvia,tide
618bd99d970c43071c7ab6de,sitecore,tide
618bd99d970c43071c7ab6df,MuraCMS,tide
618bd99d970c43071c7ab6e0,irecms,tide
618bd99d970c43071c7ab6e1,typo3,tide
618bd99d970c43071c7ab6e2,SamanPortal,tide
618bd99d970c43071c7ab6e3,北京清科锐华CEMIS,tide
618bd99d970c43071c7ab6e4,ThinkSNS,tide
618bd99d970c43071c7ab6e5,asp168欧虎,tide
618bd99d970c43071c7ab6e6,擎天电子政务,tide
618bd99d970c43071c7ab6e7,easysite,tide
618bd99d970c43071c7ab6e8,北京阳光环球建站系统,tide
618bd99d970c43071c7ab6e9,MaticsoftSNS_动软分享社区,tide
618bd99d970c43071c7ab6ea,FineCMS,tide
618bd99d970c43071c7ab6eb,Diferior,tide
618bd99d970c43071c7ab6ec,WebsiteBaker-CMS,tide
618bd99d970c43071c7ab6ed,concrete5,tide
618bd99d970c43071c7ab6ee,国家数字化学习资源中心系统,tide
618bd99d970c43071c7ab6ef,某通用型政府cms,tide
618bd99d970c43071c7ab6f0,PigCms,tide
618bd99d970c43071c7ab6f1,天柏在线培训/考试系统,tide
618bd99d970c43071c7ab6f2,万户网络,tide
618bd99d970c43071c7ab6f3,rcms,tide
618bd99d970c43071c7ab6f4,全国烟草系统,tide
618bd99d970c43071c7ab6f5,O2OCMS,tide
618bd99d970c43071c7ab6f6,一采通,tide
618bd99d970c43071c7ab6f7,Dolphin,tide
618bd99d970c43071c7ab6f8,wecenter,tide
618bd99d970c43071c7ab6f9,phpvod,tide
618bd99d970c43071c7ab6fa,08cms,tide
618bd99d970c43071c7ab6fb,tutucms,tide
618bd99d970c43071c7ab6fc,八哥CMS,tide
618bd99d970c43071c7ab6fd,mymps,tide
618bd99d970c43071c7ab6fe,IMGCms,tide
618bd99d970c43071c7ab6ff,jieqi cms,tide
618bd99d970c43071c7ab700,eadmin,tide
618bd99d970c43071c7ab701,opencms,tide
618bd99d970c43071c7ab702,infoglue,tide
618bd99d970c43071c7ab703,171cms,tide
618bd99d970c43071c7ab704,doccms,tide
618bd99d970c43071c7ab705,appcms,tide
618bd99d970c43071c7ab706,niucms,tide
618bd99d970c43071c7ab707,baocms,tide
618bd99d970c43071c7ab708,PublicCMS,tide
618bd99d970c43071c7ab709,JTBC(CMS),tide
618bd99d970c43071c7ab70a,易企CMS,tide
618bd99e970c43071c7ab70b,ZCMS,tide
618bd99e970c43071c7ab70c,科蚁CMS,tide
618bd99e970c43071c7ab70d,苹果CMS,tide
618bd99e970c43071c7ab70e,大米CMS,tide
618bd99e970c43071c7ab70f,phpmps,tide
618bd99e970c43071c7ab710,25yi,tide
618bd99e970c43071c7ab711,kingcms,tide
618bd99e970c43071c7ab712,易点CMS,tide
618bd99e970c43071c7ab713,fengcms,tide
618bd99e970c43071c7ab714,phpb2b,tide
618bd99e970c43071c7ab715,phpdisk,tide
618bd99e970c43071c7ab716,EduSoho开源网络课堂,tide
618bd99e970c43071c7ab717,phpok,tide
618bd99e970c43071c7ab718,dtcms,tide
618bd99e970c43071c7ab719,beecms,tide
618bd99e970c43071c7ab71a,ourphp,tide
618bd99e970c43071c7ab71b,php云,tide
618bd99e970c43071c7ab71c,贷齐乐p2p,tide
618bd99e970c43071c7ab71d,中企动力门户CMS,tide
618bd99e970c43071c7ab71e,destoon,tide
618bd99e970c43071c7ab71f,帝友P2P,tide
618bd99e970c43071c7ab720,海洋CMS,tide
618bd99e970c43071c7ab721,合正网站群内容管理系统,tide
618bd99e970c43071c7ab722,FUDforum,tide
618bd99e970c43071c7ab723,OpenSNS,tide
618bd99e970c43071c7ab724,SEMcms,tide
618bd99e970c43071c7ab725,Yxcms,tide
618bd99e970c43071c7ab726,NITC,tide
618bd99e970c43071c7ab727,wuzhicms,tide
618bd99e970c43071c7ab728,PHPMyWind,tide
618bd99e970c43071c7ab729,SiteEngine,tide
618bd99e970c43071c7ab72a,b2bbuilder,tide
618bd99e970c43071c7ab72b,农友政务系统,tide
618bd99e970c43071c7ab72c,dswjcms,tide
618bd99e970c43071c7ab72d,FoxPHP,tide
618bd99e970c43071c7ab72e,weiphp,tide
618bd99e970c43071c7ab72f,iWebSNS,tide
618bd99e970c43071c7ab730,TurboCMS,tide
618bd99e970c43071c7ab731,MoMoCMS,tide
618bd99e970c43071c7ab732,ADXStudio CMS,tide
618bd99e970c43071c7ab733,AdaptCMS,tide
618bd99e970c43071c7ab734,Acidcat CMS,tide
618bd99e970c43071c7ab735,WP Plugin All-in-one-SEO-Pack,tide
618bd99e970c43071c7ab736,ABO.CMS,tide
618bd99e970c43071c7ab737,Aardvark Topsites,tide
618bd99e970c43071c7ab738,1024 CMS,tide
618bd99e970c43071c7ab739,68 Classifieds,tide
618bd99e970c43071c7ab73a,4images,tide
618bd99e970c43071c7ab73b,武汉弘智科技,tide
618bd99e970c43071c7ab73c,北京金盘鹏图软件,tide
618bd99e970c43071c7ab73d,育友软件,tide
618bd99e970c43071c7ab73e,STcms,tide
618bd99e970c43071c7ab73f,慧学云教育,tide
618bd99e970c43071c7ab740,青果软件,tide
618bd99e970c43071c7ab741,DirCMS,tide
618bd99e970c43071c7ab742,牛逼cms,tide
618bd99e970c43071c7ab743,南方数据,tide
618bd99e970c43071c7ab744,yidacms,tide
618bd99e970c43071c7ab745,bluecms,tide
618bd99e970c43071c7ab746,taocms,tide
618bd99e970c43071c7ab747,Tiki-wiki CMS,tide
618bd99e970c43071c7ab748,lepton-cms,tide
618bd99e970c43071c7ab749,euse_study,tide
618bd99e970c43071c7ab74a,沃科网异网同显系统,tide
618bd99e970c43071c7ab74b,Mixcall座席管理中心,tide
618bd99e970c43071c7ab74c,DuomiCms,tide
618bd99e970c43071c7ab74d,ANECMS,tide
618bd99e970c43071c7ab74e,Ananyoo-CMS,tide
618bd99e970c43071c7ab74f,Amiro-CMS,tide
618bd99e970c43071c7ab750,AlumniServer,tide
618bd99e970c43071c7ab751,AlstraSoft-EPay-Enterprise,tide
618bd99e970c43071c7ab752,AlstraSoft-AskMe,tide
618bd99e970c43071c7ab753,Artiphp-CMS,tide
618bd99e970c43071c7ab754,BIGACE,tide
618bd99e970c43071c7ab755,Biromsoft-WebCam,tide
618bd99e970c43071c7ab756,BackBee,tide
618bd99e970c43071c7ab757,BAAP-Mobile-Version,tide
618bd99e970c43071c7ab758,AxCMS_net,tide
618bd99e970c43071c7ab759,Auto-CMS,tide
618bd99e970c43071c7ab75a,STAR CMS,tide
618bd99e970c43071c7ab75b,Zotonic,tide
618bd99e970c43071c7ab75c,BloofoxCMS,tide
618bd99e970c43071c7ab75d,BlognPlus,tide
618bd99e970c43071c7ab75e,bitweaver,tide
618bd99e970c43071c7ab75f,ClanSphere,tide
618bd99e970c43071c7ab760,CitusCMS,tide
618bd99e970c43071c7ab761,CMS-Made-Simple,tide
618bd99e970c43071c7ab762,CMS-WebManager-Pro,tide
618bd99e970c43071c7ab763,CMSQLite,tide
618bd99e970c43071c7ab764,CMSimple,tide
618bd99e970c43071c7ab765,CMScout,tide
618bd99e970c43071c7ab766,CMScontrol,tide
618bd99e970c43071c7ab767,cm3-cms,tide
618bd99e970c43071c7ab768,Claroline,tide
618bd99e970c43071c7ab769,Car-Portal,tide
618bd99e970c43071c7ab76a,chillyCMS,tide
618bd99e970c43071c7ab76b,Chamilo,tide
618bd99e970c43071c7ab76c,BoonEx-Dolphin,tide
618bd99e970c43071c7ab76d,SilverStripe,tide
618bd99e970c43071c7ab76e,Campsite,tide
618bd99e970c43071c7ab76f,ischoolsite,tide
618bd99e970c43071c7ab770,CafeEngine,tide
618bd99e970c43071c7ab771,BrowserCMS,tide
618bd99e970c43071c7ab772,Contrexx-CMS,tide
618bd99e970c43071c7ab773,ContentXXL,tide
618bd99e970c43071c7ab774,Contentteller-CMS,tide
618bd99e970c43071c7ab775,Contao,tide
618bd99e970c43071c7ab776,CommonSpot,tide
618bd99e970c43071c7ab777,Commerce-Builder,tide
618bd99e970c43071c7ab778,CruxCMS,tide
618bd99e970c43071c7ab779,锐商企业CMS,tide
618bd99e970c43071c7ab77a,CreateLive-Cms,tide
618bd99e970c43071c7ab77b,coWiki,tide
618bd99e970c43071c7ab77c,Coppermine,tide
618bd99e970c43071c7ab77d,Daisy,tide
618bd99e970c43071c7ab77e,DaDaBIK,tide
618bd99e970c43071c7ab77f,Custom-CMS,tide
618bd99e970c43071c7ab780,CushyCMS,tide
618bd99e970c43071c7ab781,DataLife-Engine,tide
618bd99e970c43071c7ab782,DT-Centrepiece,tide
618bd99e970c43071c7ab783,Edito-CMS,tide
618bd99e970c43071c7ab784,Echo,tide
618bd99e970c43071c7ab785,Ecomat-CMS,tide
618bd99e970c43071c7ab786,EazyCMS,tide
618bd99e970c43071c7ab787,easyLink-Web-Solutions,tide
618bd99e970c43071c7ab788,EasyConsole-CMS,tide
618bd99e970c43071c7ab789,DotCMS,tide
618bd99e970c43071c7ab78a,DBHcms,tide
618bd99e970c43071c7ab78b,Donations-Cloud,tide
618bd99e970c43071c7ab78c,Dokeos,tide
618bd99e970c43071c7ab78d,DoceboLMS,tide
618bd99e970c43071c7ab78e,Elxis-CMS,tide
618bd99e970c43071c7ab78f,Ektron-CMS,tide
618bd99e970c43071c7ab790,eFront,tide
618bd99e970c43071c7ab791,eSitesBuilder,tide
618bd99e970c43071c7ab792,EPiServer,tide
618bd99e970c43071c7ab793,Energine,tide
618bd99e970c43071c7ab794,Gallery,tide
618bd99e970c43071c7ab795,FrogCMS,tide
618bd99e970c43071c7ab796,Fossil,tide
618bd99e970c43071c7ab797,Fidion-CMS,tide
618bd99e970c43071c7ab798,FCMS,tide
618bd99e970c43071c7ab799,FatWire-Content-Server,tide
618bd99e970c43071c7ab79a,Fastpublish-CMS,tide
618bd99e970c43071c7ab79b,F3Site,tide
618bd99e970c43071c7ab79c,eZ-Publish,tide
618bd99e970c43071c7ab79d,Exponent-CMS,tide
618bd99e970c43071c7ab79e,E-Xoopport,tide
618bd99e970c43071c7ab79f,E-Manage-MySchool,tide
618bd99e970c43071c7ab7a0,glFusion,tide
618bd99e970c43071c7ab7a1,GetSimple,tide
618bd99e970c43071c7ab7a2,HighWire-Press,tide
618bd99e970c43071c7ab7a3,HESK,tide
618bd99e970c43071c7ab7a4,GuppY,tide
618bd99e970c43071c7ab7a5,FluentNET,tide
618bd99e970c43071c7ab7a6,GeekLog,tide
618bd99e970c43071c7ab7a7,Hycus-CMS,tide
618bd99e970c43071c7ab7a8,Hotaru-CMS,tide
618bd99e970c43071c7ab7a9,HoloCMS,tide
618bd99e970c43071c7ab7aa,ImpressPages-CMS,tide
618bd99e970c43071c7ab7ab,iHTML,tide
618bd99e970c43071c7ab7ac,iGaming-CMS,tide
618bd99e970c43071c7ab7ad,xoops,tide
618bd99e970c43071c7ab7ae,Intraxxion-CMS,tide
618bd99e970c43071c7ab7af,InterRed,tide
618bd99e970c43071c7ab7b0,Informatics-CMS,tide
618bd99e970c43071c7ab7b1,JagoanStore,tide
618bd99e970c43071c7ab7b2,Kandidat-CMS,tide
618bd99e970c43071c7ab7b3,Kajona,tide
618bd99e970c43071c7ab7b4,JGS-Portal,tide
618bd99e970c43071c7ab7b5,jCore,tide
618bd99e970c43071c7ab7b6,Kentico-CMS,tide
618bd99e970c43071c7ab7b7,EdmWebVideo,tide
618bd99e970c43071c7ab7b8,iDVR,tide
618bd99e970c43071c7ab7b9,edvr,tide
618bd99e970c43071c7ab7ba,Polycom,tide
618bd99e970c43071c7ab7bb,techbridge,tide
618bd99e970c43071c7ab7bc,NETSurveillance,tide
618bd99e970c43071c7ab7bd,海康威视（Hikvision）,tide
618bd99e970c43071c7ab7be,nvdvr,tide
618bd99e970c43071c7ab7bf,DVR camera,tide
618bd99e970c43071c7ab7c0,TRSMAS,tide
618bd99e970c43071c7ab7c1,Macrec_DVR,tide
618bd99e970c43071c7ab7c2,Aethra_Telecommunications_Operating_System,tide
618bd99e970c43071c7ab7c3,ECOR,tide
618bd99e970c43071c7ab7c4,MOBOTIX_Camera,tide
618bd99e970c43071c7ab7c5,OnSSI_Video_Clients,tide
618bd99e970c43071c7ab7c6,Linksys_SPA_Configuration ,tide
618bd99e970c43071c7ab7c7,eagleeyescctv,tide
618bd99e970c43071c7ab7c8,dasannetworks,tide
618bd99e970c43071c7ab7c9,海康威视iVMS,tide
618bd99e970c43071c7ab7ca,佳能网络摄像头(Canon Network Cameras),tide
618bd99e970c43071c7ab7cb,NetDvrV3,tide
618bd99e970c43071c7ab7cc,mobotix,tide
618bd99e970c43071c7ab7cd,basler,tide
618bd99e970c43071c7ab7ce,SIEMENS IP Cameras,tide
618bd99e970c43071c7ab7cf,VideoIQ Camera,tide
618bd99e970c43071c7ab7d0,Honeywell IP-Camera,tide
618bd99e970c43071c7ab7d1,sony摄像头,tide
618bd99e970c43071c7ab7d2,AJA-Video-Converter,tide
618bd99e970c43071c7ab7d3,ACTi,tide
618bd99e970c43071c7ab7d4,Samsung DVR,tide
618bd99e970c43071c7ab7d5,Vicworl,tide
618bd99e970c43071c7ab7d6,AVCON6,tide
618bd99e970c43071c7ab7d7,Axis-Network-Camera,tide
618bd99e970c43071c7ab7d8,Dreambox (TV Reciever),tide
618bd99e970c43071c7ab7d9,Panasonic Network Camera,tide
618bd99e970c43071c7ab7da,D-Link Internet Camera,tide
618bd99e970c43071c7ab7db,Android Webcam Server,tide
618bd99e970c43071c7ab7dc, SQ-WEBCAM,tide
618bd99e970c43071c7ab7dd,Trendnet IP Cam,tide
618bd99e970c43071c7ab7de,webcamXP,tide
618bd99e970c43071c7ab7df,BlueNet-Video,tide
618bd99e970c43071c7ab7e0,ClipBucket,tide
618bd99e970c43071c7ab7e1,CHANCE-i-DiViS-DVR,tide
618bd99e970c43071c7ab7e2,ZoneMinder,tide
618bd99e970c43071c7ab7e3,Cougar,tide
618bd99e970c43071c7ab7e4,DVR-WebClient,tide
618bd99f970c43071c7ab7e5,Dedicated-Micros-Device,tide
618bd99f970c43071c7ab7e6,D-Link-Network-Camera,tide
618bd99f970c43071c7ab7e7,Direct-Packet-Device,tide
618bd99f970c43071c7ab7e8,DiBos,tide
618bd99f970c43071c7ab7e9,Evo-Cam,tide
618bd99f970c43071c7ab7ea,HeiTel-Digital-Video-Device,tide
618bd99f970c43071c7ab7eb,i3micro,tide
618bd99f970c43071c7ab7ec,i-Catcher-Console,tide
618bd99f970c43071c7ab7ed,iDVR,tide
618bd99f970c43071c7ab7ee,Intellinet-IP-Camera,tide
618bd99f970c43071c7ab7ef,IQeye-Netcam,tide
618bd99f970c43071c7ab7f0,Kedacom-TrueSens,tide
618bd99f970c43071c7ab7f1,cloudflare,tide
618bd99f970c43071c7ab7f2,加速乐,tide
618bd99f970c43071c7ab7f3,Incapsula,tide
618bd99f970c43071c7ab7f4,百度云加速,tide
618bd99f970c43071c7ab7f5,360网站卫士,tide
618bd99f970c43071c7ab7f6,安全宝,tide
618bd99f970c43071c7ab7f7,BinarySec,tide
618bd99f970c43071c7ab7f8,Sucuri,tide
618bd99f970c43071c7ab7f9,NetteFramework,tide
618bd99f970c43071c7ab7fa,phpbb,tide
618bd99f970c43071c7ab7fb,phpwind,tide
618bd99f970c43071c7ab7fc,discuz,tide
618bd99f970c43071c7ab7fd,vBulletin,tide
618bd99f970c43071c7ab7fe,6kbbs,tide
618bd99f970c43071c7ab7ff,IP.Board,tide
618bd99f970c43071c7ab800,mylittleforum,tide
618bd99f970c43071c7ab801,Akiva-WebBoard,tide
618bd99f970c43071c7ab802,Advanced Electron Forum,tide
618bd99f970c43071c7ab803,ThinkOX,tide
618bd99f970c43071c7ab804,YABB ,tide
618bd99f970c43071c7ab805,Startbbs,tide
618bd99f970c43071c7ab806,bbPress,tide
618bd99f970c43071c7ab807,BlogEngine_NET,tide
618bd99f970c43071c7ab808,boastMachine,tide
618bd99f970c43071c7ab809,BrewBlogger,tide
618bd99f970c43071c7ab80a,Dotclear,tide
618bd99f970c43071c7ab80b,DokuWiki,tide
618bd99f970c43071c7ab80c,DeluxeBB,tide
618bd99f970c43071c7ab80d,esoTalk,tide
618bd99f970c43071c7ab80e,EverFocus-CCTV,tide
618bd99f970c43071c7ab80f,Hiki,tide
618bd99f970c43071c7ab810,Gossamer-Forum,tide
618bd99f970c43071c7ab811,Forest-Blog,tide
618bd99f970c43071c7ab812,FluxBB,tide
618bd99f970c43071c7ab813,Kampyle,tide
618bd99f970c43071c7ab814,KaiBB,tide
618bd99f970c43071c7ab815,fangmail,tide
618bd99f970c43071c7ab816,腾讯企业邮箱,tide
618bd99f970c43071c7ab817,MDaemon,tide
618bd99f970c43071c7ab818,亿邮,tide
618bd99f970c43071c7ab819,网易企业邮箱,tide
618bd99f970c43071c7ab81a,TurboMail,tide
618bd99f970c43071c7ab81b,magicwinmail,tide
618bd99f970c43071c7ab81c,万网企业云邮箱,tide
618bd99f970c43071c7ab81d,bxemail,tide
618bd99f970c43071c7ab81e,Coremail,tide
618bd99f970c43071c7ab81f,imailserver,tide
618bd99f970c43071c7ab820,exchange,tide
618bd99f970c43071c7ab821,Zimbra,tide
618bd99f970c43071c7ab822,Lotus,tide
618bd99f970c43071c7ab823,Roundcube,tide
618bd99f970c43071c7ab824,Horde,tide
618bd99f970c43071c7ab825,Atmail,tide
618bd99f970c43071c7ab826,anymacro,tide
618bd99f970c43071c7ab827,mirapoint,tide
618bd99f970c43071c7ab828,iredadmin(Roundcube?),tide
618bd99f970c43071c7ab829,SquirrelMail,tide
618bd99f970c43071c7ab82a,U-Mail,tide
618bd99f970c43071c7ab82b,Spammark邮件信息安全网关,tide
618bd99f970c43071c7ab82c,Sophos_Email_Appliance,tide
618bd99f970c43071c7ab82d,科信邮件系统,tide
618bd99f970c43071c7ab82e,爱思华宝信息服务器,tide
618bd99f970c43071c7ab82f,winwebmail,tide
618bd99f970c43071c7ab830,泰信TMailer邮件系统,tide
618bd99f970c43071c7ab831,richmail,tide
618bd99f970c43071c7ab832,iGENUS邮件系统,tide
618bd99f970c43071c7ab833,sophos,tide
618bd99f970c43071c7ab834,金笛邮件系统,tide
618bd99f970c43071c7ab835,迈捷邮件系统(MagicMail),tide
618bd99f970c43071c7ab836,AfterLogic-WebMail,tide
618bd99f970c43071c7ab837,Alt-N-MDaemon-WorldClient,tide
618bd99f970c43071c7ab838,ArGoSoft-Mail-Server,tide
618bd99f970c43071c7ab839,Axigen-Mail-Server,tide
618bd99f970c43071c7ab83a,Atmail-WebMail,tide
618bd99f970c43071c7ab83b,Eserv,tide
618bd99f970c43071c7ab83c,Kerio MailServer,tide
618bd99f970c43071c7ab83d,Gordano-Messaging-Suite,tide
618bd99f970c43071c7ab83e,FormMail,tide
618bd99f970c43071c7ab83f,HiveMail,tide
618bd99f970c43071c7ab840,Ipswitch-IMail,tide
618bd99f970c43071c7ab841,Kerio-Connect,tide
618bd99f970c43071c7ab842,360站长平台,tide
618bd99f970c43071c7ab843,baidu站长平台,tide
618bd99f970c43071c7ab844,google站长平台,tide
618bd99f970c43071c7ab845,sogou站长平台,tide
618bd99f970c43071c7ab846,Zen Cart,tide
618bd99f970c43071c7ab847,ECShop,tide
618bd99f970c43071c7ab848,Shop7Z,tide
618bd99f970c43071c7ab849,同城多用户商城,tide
618bd99f970c43071c7ab84a,iWebShop,tide
618bd99f970c43071c7ab84b,eaststorecreeator,tide
618bd99f970c43071c7ab84c,buscape,tide
618bd99f970c43071c7ab84d,1und1,tide
618bd99f970c43071c7ab84e,cart_engine,tide
618bd99f970c43071c7ab84f,Magento,tide
618bd99f970c43071c7ab850,OpenCart,tide
618bd99f970c43071c7ab851,ECMall,tide
618bd99f970c43071c7ab852,PrestaShop,tide
618bd99f970c43071c7ab853,Bigcommerce,tide
618bd99f970c43071c7ab854,hishop,tide
618bd99f970c43071c7ab855,Maticsoft_Shop_动软商城,tide
618bd99f970c43071c7ab856,shopify,tide
618bd99f970c43071c7ab857,hikashop,tide
618bd99f970c43071c7ab858,tp-shop,tide
618bd99f970c43071c7ab859, 海盗云商(Haidao),tide
618bd99f970c43071c7ab85a,shopbuilder,tide
618bd99f970c43071c7ab85b,v5shop,tide
618bd99f970c43071c7ab85c,shopnc,tide
618bd99f970c43071c7ab85d,shopex,tide
618bd99f970c43071c7ab85e,dbshop,tide
618bd99f970c43071c7ab85f,任我行电商,tide
618bd99f970c43071c7ab860,CuuMall,tide
618bd99f970c43071c7ab861,javashop,tide
618bd99f970c43071c7ab862,TPshop,tide
618bd99f970c43071c7ab863,MvMmall,tide
618bd99f970c43071c7ab864,AirvaeCommerce,tide
618bd99f970c43071c7ab865,ec_cart,tide
618bd99f970c43071c7ab866,AiCart,tide
618bd99f970c43071c7ab867,3dcart,tide
618bd99f970c43071c7ab868,MallBuilder,tide
618bd99f970c43071c7ab869,e-junkie,tide
618bd99f970c43071c7ab86a,InvoicePlane,tide
618bd99f970c43071c7ab86b,Allomani,tide
618bd99f970c43071c7ab86c,ASPilot-Cart,tide
618bd99f970c43071c7ab86d,Axous,tide
618bd99f970c43071c7ab86e,Batavi,tide
618bd99f970c43071c7ab86f,Axis-Commerce,tide
618bd99f970c43071c7ab870,CaupoShop-Classic,tide
618bd99f970c43071c7ab871,CactuShop,tide
618bd99f970c43071c7ab872,PretsaShop,tide
618bd99f970c43071c7ab873,ComersusCart,tide
618bd99f970c43071c7ab874,Foxycart,tide
618bd99f970c43071c7ab875,DV-Cart,tide
618bd99f970c43071c7ab876,EarlyImpact-ProductCart,tide
618bd99f970c43071c7ab877,Escenic,tide
618bd99f970c43071c7ab878,ExpressionEngine,tide
618bd99f970c43071c7ab879,ICEshop,tide
618bd99f970c43071c7ab87a,Interspire-Shopping-Cart,tide
618bd99f970c43071c7ab87b,iScripts-MultiCart,tide
618bd99f970c43071c7ab87c,JEUS,tide
618bd99f970c43071c7ab87d,华天动力OA(OA8000),tide
618bd99f970c43071c7ab87e,通达OA,tide
618bd99f970c43071c7ab87f,OA(a8/seeyon/ufida),tide
618bd99f970c43071c7ab880,yongyoufe,tide
618bd99f970c43071c7ab881,pmway_E4_crm,tide
618bd99f970c43071c7ab882,Dolibarr,tide
618bd99f970c43071c7ab883,PHPOA,tide
618bd99f970c43071c7ab884,78oa,tide
618bd99f970c43071c7ab885,WishOA,tide
618bd99f970c43071c7ab886,金和协同管理平台,tide
618bd99f970c43071c7ab887,泛微协同办公OA,tide
618bd99f970c43071c7ab888,万户ezOFFICE,tide
618bd99f970c43071c7ab889,ranzhi,tide
618bd99f970c43071c7ab88a,Zimbra,tide
618bd99f970c43071c7ab88b,Lotus,tide
618bd99f970c43071c7ab88c,OA企业智能办公自动化系统,tide
618bd99f970c43071c7ab88d,ecwapoa,tide
618bd99f970c43071c7ab88e,ezOFFICE,tide
618bd99f970c43071c7ab88f,任我行CRM,tide
618bd99f970c43071c7ab890,信达OA,tide
618bd99f970c43071c7ab891,协众OA,tide
618bd99f970c43071c7ab892,soffice,tide
618bd99f970c43071c7ab893,海天OA,tide
618bd99f970c43071c7ab894,中望OA,tide
618bd99f970c43071c7ab895,睿博士云办公系统,tide
618bd99f970c43071c7ab896,smartoa,tide
618bd99f970c43071c7ab897,一米OA,tide
618bd99f970c43071c7ab898,泛普建筑工程施工OA,tide
618bd99f970c43071c7ab899,正方OA,tide
618bd99f970c43071c7ab89a,希尔OA,tide
618bd99f970c43071c7ab89b,e-office,tide
618bd99f970c43071c7ab89c,用友致远oa,tide
618bd99f970c43071c7ab89d,AvantFAX传真管理,tide
618bd99f970c43071c7ab89e,AWStats网站日志分析工具,tide
